Date,open,high,low,close,volume,rsi,macd,signal,action
2022-01-21,3040.796165884194,3069.3036299393584,2988.5324817830597,3036.044921875,2214648,62.18487032098493,1.932142615085013,8.020258229655058,매도
2022-01-24,3045.547315002638,3055.0498027249546,2922.0149746125153,2955.273681640625,2097705,54.411758593968145,-5.472742112191099,5.223247080269224,매도
2022-01-25,2945.7712518601193,2960.0249837239585,2793.7314453125,2793.7314453125,3324179,36.000008221526286,-20.820219791048203,-0.1363042526557226,매도
2022-01-26,2793.7314453125,2793.7314453125,2793.7314453125,2793.7314453125,0,37.24139397418723,-32.266433737026546,-6.710364833439531,매도
2022-01-27,2860.2488606770835,2903.010056268601,2784.228957403274,2793.7314453125,2537497,34.532380217611745,-40.63627343730968,-13.620019832937553,매도
2022-01-28,2822.2389090401784,2869.7513485863096,2755.7214936755954,2793.7314453125,3072603,13.333359433419346,-46.57430706472405,-20.30725042879775,매도
2022-02-03,2841.243941197326,2969.5275305155997,2826.990209050851,2931.517578125,2497889,32.33084536845615,-41.60750615558072,-24.61698948249688,매도
2022-02-04,2907.761197603666,2988.5323419815454,2907.761197603666,2964.776123046875,1736480,35.71428571428571,-35.0709753488909,-26.727250377101445,매도
2022-02-07,2998.0348658267917,3031.293572737707,2950.522427382627,3007.537353515625,1584705,36.17021043981174,-26.72417563756335,-26.726630857949328,관망
2022-02-08,3007.537353515625,3007.537353515625,3007.537353515625,3007.537353515625,0,41.463415653074826,-19.93401851651288,-25.36004146975874,관망
2022-02-09,3007.537353515625,3007.537353515625,3007.537353515625,3007.537353515625,0,44.34783152653276,-14.424968106968663,-23.162649908944196,관망
2022-02-11,3074.0548739485525,3088.3086059761345,3007.5374578198357,3036.044921875,2053037,45.736432873394726,-0.8882657566327907,-15.835282299939557,관망
2022-02-14,2974.2786804297502,3007.537387718901,2950.5224609375,2950.5224609375,2228147,41.5492962843146,-3.4651401146898024,-13.355257530936544,관망
2022-02-15,2945.771157792108,2983.7811082152325,2903.009963566094,2912.512451171875,1538395,40.97221057544667,-8.151911908908005,-12.312571558540789,관망
2022-02-24,2845.9951288132443,2860.2488606770835,2779.477713448661,2793.7314453125,2158903,35.71428862724436,-12.3603059928937,-4.659766682437423,매도
2022-02-25,2817.4876183461333,2855.4975693524893,2793.731398967161,2803.23388671875,2417390,31.932764763464604,-23.29462556517865,-8.38794832309947,매도
2022-02-28,2803.23388671875,2803.23388671875,2803.23388671875,2803.23388671875,0,31.932764763464604,-31.581331874281204,-13.027829615388711,매도
2022-03-02,2793.731468603599,2812.736444580494,2765.2240046382562,2788.980224609375,1952021,31.147536150332826,-38.78364319603588,-18.180062408403966,매도
2022-03-03,2817.4875395313793,2874.502464446011,2788.9800770740635,2869.751220703125,2048776,32.79998848984742,-37.826070863622135,-22.109917058550142,매도
2022-03-04,2869.751220703125,2869.751220703125,2869.751220703125,2869.751220703125,0,35.042712895820586,-36.642369053095535,-25.016793847660058,매도
2022-03-07,2803.233861019737,2803.233861019737,2703.457740542763,2708.208984375,6311829,30.827052563743948,-47.675633350719636,-29.549043699742953,매도
2022-03-08,2665.4478702682386,2703.45782207242,2641.691650390625,2641.691650390625,1916581,29.496393835325264,-60.87956349885508,-35.815680766088775,매도
2022-03-10,2641.691650390625,2641.691650390625,2641.691650390625,2641.691650390625,0,16.239295969250037,-70.51966562385451,-42.756950135956046,매도
2022-03-11,2698.706611294795,2798.482736008159,2689.2041232268557,2784.22900390625,2364196,34.027774804131894,-66.24510236275682,-47.454836358571136,매도
2022-03-14,2784.2288288620284,2822.238778744104,2765.2238539209907,2769.97509765625,1211556,33.33332168149944,-63.24350866985833,-50.61270836555318,매도
2022-03-15,2769.975308195639,2788.980284581201,2717.7116231353443,2727.214111328125,1558997,31.410253665352514,-63.48863481890521,-53.187983391461344,매도
2022-03-16,2727.214111328125,2727.214111328125,2727.214111328125,2727.214111328125,0,31.410253665352514,-62.9541352426927,-55.141268211341455,매도
2022-03-17,2822.2388855913096,2893.5075443183628,2793.731422100488,2798.482666015625,3627639,37.42689337995009,-56.261198098272416,-55.36525918389326,매도
2022-03-28,2874.502548024624,3017.039864455597,2865.000060262559,3002.7861328125,3917870,74.21875376351856,4.002424621013233,-24.427971211702143,매도
2022-03-29,3002.7862026778616,3031.293666627335,2964.7762507452308,2988.532470703125,1821572,81.19658419955132,13.64087462187672,-16.814173558387367,매도
2022-03-30,2988.532388668735,3007.537364113369,2936.268706195991,2955.273681640625,1589590,76.61289520532279,18.41286759804825,-9.768744239035762,매도
2022-03-31,2964.7762276785716,3026.5423990885415,2964.7762276785716,2993.28369140625,1728739,71.56861954870249,24.94051609751068,-2.82687554925333,매도
2022-04-01,2983.7811803560817,3031.293619533726,2969.5274486027884,2998.034912109375,1435282,74.00001747075831,30.144618780887413,3.767435948966025,매도
2022-04-04,2998.0347741335117,3045.547211124534,2974.2785556380004,3026.542236328125,1684857,82.47420441314047,36.130555452889894,10.240069769033264,매도
2022-04-05,3026.5423288932907,3036.0448165821235,2969.527402760293,3007.537353515625,1485648,79.20791424370539,38.90434135708438,15.972931115111047,매도
2022-04-06,3007.5372754057184,3093.05966238408,3007.5372754057184,3074.0546875,2761458,78.99999434769583,45.89785580049329,21.957921922249398,매도
2022-04-14,2960.025029856688,3002.7862261146497,2960.025029856688,2983.78125,1439556,60.344843624791636,31.326063079535743,32.38410898237743,매도
2022-04-15,2979.0299477854082,2979.0299477854082,2931.5175084267894,2945.771240234375,1143982,43.75000334534983,26.688110505580426,31.244909052698194,매도
2022-04-18,2945.7711344666122,2945.7711344666122,2907.7611843444624,2917.263671875,1235611,42.42422984155392,20.4858088373162,29.093088655538768,매도
2022-04-19,2917.2637307513564,2960.0249255017834,2912.512486890198,2955.273681640625,830896,50.0,18.41331108214399,26.957132859681813,매도
2022-04-20,2960.02490234375,2993.2836091116574,2936.2686832238164,2960.02490234375,1383214,46.23655022813642,16.957310520003375,24.95716818112526,매도
2022-04-21,2960.02490234375,2983.781121463684,2941.019927047803,2960.02490234375,847102,45.65216784208854,15.623269963736675,23.090388380371653,매도
2022-04-22,2955.27370483595,2964.7761926328503,2907.761265851449,2950.5224609375,1150555,40.90910948821571,13.644331265878918,21.201176830140497,매도
2022-04-25,2926.766136305894,2974.2785735835873,2907.761161394817,2922.014892578125,1175759,40.0,9.670847719478843,18.895110883665335,매도
2022-04-26,2922.0149018748707,2931.5173893606425,2864.9999769602387,2869.751220703125,2121598,25.287384155967956,2.289559312387155,15.574000426150564,매도
2022-04-27,2822.2387553175836,2836.492486405046,2741.467612488629,2774.726318359375,3509522,24.71911734140089,-11.08094754862259,10.243010647230237,매도
2022-04-28,2793.731398967161,2812.736374470339,2760.4726918365996,2803.23388671875,1434744,30.769265517837198,-19.160886231624318,4.362231109108732,매도
2022-04-29,2803.233933221726,2817.4876650855654,2774.7264694940477,2793.7314453125,1309150,23.529450880942093,-26.029129739063592,-1.7160411947679515,매도
2022-05-02,2765.2239698786225,2769.9752138131216,2693.955310861132,2746.218994140625,3333314,22.988547158879157,-34.896075247279896,-8.352048122518433,매도
2022-05-03,2746.2190641983693,2750.970308254076,2712.960355808424,2731.96533203125,1195383,22.72731519381891,-42.580123781920065,-15.197663351159996,매도
2022-05-04,2746.2189116202385,2750.9701554119692,2693.955229911203,2712.960205078125,1537660,17.241395603493444,-49.628399629553314,-22.083810684705977,매도
2022-05-06,2693.955392391124,2703.4578805477063,2651.1941956865026,2679.70166015625,2285341,17.441886171283812,-57.233688061278826,-29.113786223615513,매도
2022-05-10,2598.930526848126,2603.6817709557095,2503.905644696458,2527.661865234375,3432369,13.392881311297302,-74.65072764380511,-38.221174573563644,매도
2022-05-11,2513.4080400485436,2522.9105279126215,2408.880673543689,2446.890625,5898861,5.785136952589895,-93.88006911664115,-49.35295354662774,매도
2022-05-12,2432.6368209255534,2442.1393085072937,2337.611945108149,2361.3681640625,4212949,4.347840657245655,-114.68931604169165,-62.420226106163994,매도
2022-05-13,2361.368324593322,2437.38823041524,2361.368324593322,2427.8857421875,2032767,13.157924983976145,-124.38521610925454,-74.81322415270246,매도
2022-05-16,2432.6367647058823,2484.90044519761,2418.383033662684,2423.13427734375,1938233,13.24505857835699,-130.94250447909235,-86.03908025125699,매도
2022-05-17,2404.1293254619964,2432.636787819253,2389.875594283368,2418.383056640625,2190019,13.698658582167042,-134.9660957719866,-95.82448337860824,매도
2022-05-18,2427.8856608072915,2456.3931245349704,2375.6219773065477,2394.626953125,2154127,14.285745745635523,-138.47348785833947,-104.3542842907367,매도
2022-05-19,2318.6069192926257,2370.870599850451,2271.094482421875,2271.094482421875,3711110,13.698658582167042,-149.48927640710372,-113.38128272771046,매도
2022-05-20,2271.0946333635893,2323.3583173949687,2261.592145357884,2290.099609375,2439475,12.500035683699693,-154.90110044830453,-121.68524628191167,매도
2022-05-23,2309.1045853864107,2309.1045853864107,2266.3433893607366,2290.099609375,1853075,12.67609150498032,-157.37563120068853,-128.8233232726005,매도
2022-05-24,2299.6021443684895,2323.3583648681642,2271.0946797688803,2280.59716796875,1749395,13.432873595218027,-158.27822100495132,-134.71430282364835,매도
2022-05-25,2290.099529635522,2370.8706748716295,2275.8457981232673,2356.616943359375,2096851,23.12926216354053,-151.12095696945016,-137.99563365484858,매도
2022-05-26,2366.119431034211,2408.880625570974,2347.114455684539,2356.616943359375,1909098,23.776239355673752,-143.7911190497889,-139.1547307344131,매도
2022-05-27,2380.373221261161,2503.905564081101,2375.6219773065477,2494.403076171875,3680121,38.18182214536343,-125.42398130537777,-136.40858084751346,관망
2022-05-30,2522.9105398995534,2551.4180036272323,2494.403076171875,2494.403076171875,1404625,47.3684169857916,-109.60441863279448,-131.04774840286336,관망
2022-06-07,2451.6418568224008,2456.3931007309716,2385.1244421024135,2399.378173828125,1172838,47.787620679886295,-77.57225558228401,-103.14763638416677,관망
2022-06-14,2242.5870888157897,2290.099527138158,2195.074650493421,2256.8408203125,2632693,47.36841291893905,-78.00207730543934,-82.07317516611705,관망
2022-06-15,2247.33837890625,2266.3433546263873,2218.830915326044,2247.33837890625,2148807,47.36841291893905,-82.97580336995998,-82.25370080689181,매도
2022-06-16,2261.592041015625,2304.3532350684413,2256.8407972319787,2261.592041015625,1355363,41.666659529916544,-84.79015670054787,-82.7609919856369,매도
2022-06-17,2209.328415543163,2228.3333911607383,2166.5672204036177,2199.825927734375,1928489,37.593979733603675,-90.17160242670025,-84.24311407388198,매도
2022-06-20,2199.82601092706,2223.5822313474387,2104.801129245546,2133.30859375,2159970,17.796583967911616,-98.6654632903228,-87.12758391722062,매도
2022-06-21,2133.3084906216327,2228.333367709456,2133.3084906216327,2204.5771484375,1344986,27.067641866954006,-98.51147186690196,-89.40436150718875,매도
2022-06-22,2223.5820246958892,2228.333268338402,2090.5472027055366,2123.805908203125,2418098,23.489904648789647,-103.71044695851606,-92.26557859748625,매도
2022-06-23,2123.805956860522,2161.815906871449,2028.781081833206,2038.2835693359375,2345011,22.72724466897219,-113.42311157528547,-96.49708519308402,매도
2022-06-24,2033.532390059389,2109.552292491516,2005.0249266473415,2100.0498046875,1417851,26.993856230949476,-114.81357145560969,-100.16038244561541,매도
2022-06-27,2119.054678952407,2176.069603049781,2114.303435277626,2171.318359375,1656865,35.54215394330359,-108.90997803288656,-101.91030156307968,매도
2022-06-28,2157.064697265625,2180.820916398506,2128.557234306167,2157.064697265625,943534,29.487168507563908,-104.18041455020284,-102.3643241605064,매도
2022-06-29,2147.5623131793477,2195.074753736413,2128.557336956522,2185.572265625,1615100,34.43708688147922,-97.01379179804599,-101.2942176880104,관망
2022-06-30,2166.5671479985954,2180.8208792354285,2095.298491814431,2114.303466796875,1239863,33.548380573445314,-95.97803987731095,-100.2309821258674,관망
2022-07-01,2157.0648378644673,2190.3235468183248,2109.5523965018137,2128.557373046875,1329860,36.91276313470725,-92.93581054676088,-98.77194781004266,관망
2022-07-04,2128.557373046875,2142.811105455671,2071.542443411691,2128.557373046875,1341901,40.145995941744154,-89.49318811485273,-96.9161958710012,관망
2022-07-05,2157.064790581597,2166.567278645833,2114.303594292535,2138.059814453125,632695,41.60584283822862,-85.01813058807738,-94.53658281441284,관망
2022-07-06,2119.0548037574404,2128.5572916666665,1990.771216982887,1995.5224609375,2819242,32.92683652815812,-91.91283936161017,-94.01183412385167,관망
2022-07-07,2024.0298902723525,2062.0398412633826,2005.0249147768375,2052.537353515625,1477802,40.4907982229138,-91.71932711994714,-93.55333272307033,관망
2022-07-08,2062.039794921875,2095.2985012915824,2052.5373073876726,2062.039794921875,902682,45.03310390638346,-89.76448729902359,-92.79556363826039,관망
2022-07-11,2066.7911500750847,2081.044882144568,1995.522489727668,2014.5274658203125,1702121,36.30137817961753,-90.99989312980688,-92.43642953656946,관망
2022-07-12,2005.0249546185662,2019.2786865234375,1981.2687347771139,2019.2786865234375,1177754,41.53847370048924,-90.55176353375828,-92.05949633600704,관망
2022-07-13,2024.0299538666347,2066.7911500750847,2005.0249777739903,2014.5274658203125,1344534,47.78762168592299,-89.54772412237071,-91.55714189327958,관망
2022-07-14,1995.522437741241,2028.7811450369284,1957.5124865461698,2000.273681640625,1825228,39.805826211416054,-88.8775920933981,-91.0212319333031,관망
2022-07-15,2005.0249368807163,2005.0249368807163,1919.5025462080791,1948.010009765625,1818585,26.26264566093772,-91.50871008704917,-91.11872756405235,매도
2022-07-18,1971.7662299702727,2071.542352450696,1967.0149860426334,2047.7861328125,1807893,40.17094805373331,-84.56824568676666,-89.80863118859494,관망
2022-07-19,2033.5324241460755,2062.039888035974,2014.5274482194768,2043.034912109375,749327,36.60714162823911,-78.54581723713818,-87.55606839830322,관망
2022-07-20,2085.796142578125,2123.8060950624645,2057.2886782148703,2085.796142578125,1454027,47.16982504038051,-69.52123985967319,-83.94910269057675,관망
2022-07-21,2085.796027106208,2109.55224609375,2066.791051916174,2109.55224609375,701317,48.14813228870343,-59.763420697311176,-79.11196629192314,관망
2022-07-22,2090.5473866386674,2119.054851001922,2076.2936544570402,2085.796142578125,602046,46.01769267637426,-53.33236041679402,-73.95604511689689,관망
2022-07-25,2085.7961659888697,2104.8011424443494,2071.54243364726,2081.044921875,713262,44.64285632358724,-48.065008093215056,-68.77783771216018,관망
2022-07-29,2076.293630206921,2204.5772183432755,2071.542386201871,2190.323486328125,3374673,70.78651588086285,-25.2698334470806,-48.9384268830682,매도
2022-08-25,2176.0696625084006,2209.328369140625,2176.0696625084006,2209.328369140625,544110,51.999991778462444,21.638172861565636,22.03615020523193,매도
2022-08-26,2209.328438895089,2218.8309268043154,2185.572219122024,2195.07470703125,675368,51.31578413594746,19.608922577143858,21.550704679614316,매도
2022-08-29,2128.5573032150774,2157.064767097422,2123.8060592346865,2142.81103515625,919312,42.16867768236889,13.626426128772437,19.965848969445943,매도
2022-08-30,2142.8109335183076,2252.089539883986,2142.8109335183076,2214.07958984375,1724721,50.51546173303844,14.469217152082365,18.866522605973227,매도
2022-08-31,2204.577194940476,2223.5821707589284,2185.572219122024,2195.07470703125,902539,51.04166220619784,13.448578409714173,17.782933766721417,매도
2022-09-01,2185.5720755557886,2190.3233191983013,2123.805908203125,2123.805908203125,1312511,42.056064892474176,6.81043097959855,15.588433209296843,매도
2022-09-02,2128.557336956522,2209.3284859035325,2123.806092900815,2185.572265625,1440454,43.63637297901034,6.459207334380153,13.762588034313506,매도
2022-09-05,2204.5771607990505,2261.59208737144,2190.3234291559534,2252.089599609375,1624032,53.91304658659014,11.416633907273535,13.293397208905514,매도
2022-09-06,2271.0946457006366,2275.8458897292994,2204.577229299363,2237.8359375,1041948,46.6666829792284,14.033512012800202,13.441420169684454,관망
2022-09-07,2237.8357471982463,2242.586990822871,2157.064605579626,2176.069580078125,1171815,44.14413038154638,10.996627639358394,12.952461663619243,매도
2022-09-19,2223.5821707589284,2233.0846586681546,2176.0697312127977,2195.07470703125,734016,50.0,18.67547344006016,20.80626508535599,매도
2022-09-20,2237.8359375,2266.3434016719743,2214.079717356688,2237.8359375,1085269,56.57894558917787,17.795266945263847,20.204065457337563,매도
2022-09-21,2214.0796361462826,2242.5870992726295,2204.5771484375,2204.5771484375,746873,49.30555952041108,14.249732088086148,19.013198783487283,매도
2022-09-22,2185.5721602250824,2204.5771355313877,2128.557234306167,2157.064697265625,961154,47.333331734703776,7.519338857617186,16.714426798313262,매도
2022-09-23,2161.8159658697587,2261.59208737144,2133.308502583564,2252.089599609375,2046961,58.709678060993106,9.740873888013084,15.319716216253227,매도
2022-09-26,2237.8358183808377,2252.089549708104,2157.0646741929945,2161.81591796875,2410081,48.447197436007094,4.169073813662635,13.089587735735106,매도
2022-09-27,2157.0646840688346,2185.572146853885,2062.0398081186654,2109.55224609375,2975368,40.506332818945936,-4.4129851548136685,9.589073157625352,매도
2022-09-28,2081.044863962573,2085.7961079442225,1986.0199843295784,2043.034912109375,2204911,37.86982806246536,-16.392751340921222,4.392708257916036,매도
2022-09-29,2071.542370174632,2100.049833984375,2019.2786865234375,2019.2786865234375,1734194,39.75156686973139,-27.48687788479492,-1.9832089706261578,매도
2022-09-30,2009.7761163300875,2043.0348227468974,1986.0198974609375,1986.0198974609375,1121072,26.76056771244481,-38.518737210750714,-9.290314618651072,매도
2022-10-04,2005.0249546185662,2047.78615033318,1995.5224666819852,2019.2786865234375,599366,25.71429567659594,-44.06985084979215,-16.24622186487929,매도
2022-10-05,2043.0348704411435,2047.7861143258904,1971.7662121699407,1976.5174560546875,1316969,27.067682535414292,-51.327943389190295,-23.262566169741493,매도
2022-10-06,1986.0198974609375,2009.7761163300875,1976.5174099132776,1986.0198974609375,631953,28.35821553711719,-55.671520144555416,-29.744356964704284,매도
2022-10-07,1967.0149289394947,2019.278610626293,1967.0149289394947,2009.776123046875,899499,33.07693098223952,-56.545091530322225,-35.104503877827874,매도
2022-10-11,2005.0248685207416,2005.0248685207416,1886.2437744140625,1886.2437744140625,2380984,28.47682412174531,-66.43955221594547,-41.37151354545139,매도
2022-10-12,1900.497498804209,1900.497498804209,1814.9751113580198,1862.487548828125,2387852,23.129252770745907,-75.32955915772322,-48.16312266790577,매도
2022-10-13,1848.2338744795102,1867.2388500525644,1800.721435546875,1800.721435546875,2558276,22.222227819669072,-86.36341680492319,-55.80318149530926,매도
2022-10-14,1833.9801720345374,1952.7612712595724,1824.4776840965346,1919.5025634765625,3317921,35.119053900111155,-84.54856478742317,-61.552258153732055,매도
2022-10-17,1890.9951107006718,1976.5175026419083,1871.9901347137304,1967.0150146484375,1539512,31.01266450580492,-78.37299012898438,-64.91640454878252,매도
2022-10-18,1995.5223850085974,2028.7810914254073,1962.2636785917875,1986.0198974609375,1359639,37.06293693729627,-71.12537892779255,-66.15819942458452,매도
2022-10-19,2005.0249666223203,2024.0299426092618,1967.0150146484375,1967.0150146484375,1161282,38.97059309704865,-66.15256394488028,-66.15707232864368,관망
2022-10-20,1962.2637761737394,2005.0249722646927,1957.5125321636335,1990.771240234375,1160702,45.669292135045126,-59.607525490067246,-64.84716296092839,관망
2022-11-02,2081.044723650731,2109.552185618549,2066.790992666822,2071.542236328125,765196,74.78262074043889,-1.6926753043601366,-21.434279874310366,매도
2022-11-24,2171.3183364535003,2252.0894780721205,2166.5670928288755,2176.069580078125,1842208,70.32962875544479,34.686763304131546,26.45341455753355,매도
2022-11-25,2195.0746280445774,2309.1044788520876,2171.318409126346,2261.592041015625,3426595,75.22932103625106,41.39505244972315,29.441742135971474,매도
2022-11-28,2256.8409243641177,2299.6021208257534,2233.084704107653,2285.348388671875,1572277,74.76632664062386,48.074189236930124,33.16823155616321,매도
2022-11-29,2285.348296049452,2313.8557592018365,2242.587101320876,2304.353271484375,890532,73.78637822175749,54.27533612453226,37.38965246983702,매도
2022-11-30,2299.6020964059394,2394.6269764227136,2285.348364403423,2389.875732421875,2649198,77.11860937845648,65.33756653961882,42.97923528379338,매도
2022-12-01,2385.1245008018927,2394.6269888528964,2337.612060546875,2337.612060546875,1816869,70.5426125002191,69.0907868452714,48.20154559608899,매도
2022-12-07,2290.099574276559,2290.099574276559,2233.0846471161467,2247.33837890625,874111,58.33333333333334,57.94788971256003,57.96262426580493,매도
2022-12-08,2256.8409013550313,2313.8558293892634,2247.3384133493255,2290.099609375,1452695,65.45452167328514,55.711497306439924,57.51239887393194,매도
2022-12-12,2389.875697815534,2456.3931128640775,2385.1244538834953,2446.890625,2469936,73.80951021573345,69.79199562098893,60.63238441937658,매도
2022-12-13,2446.8906716389497,2456.3931596841494,2399.3782314129508,2437.38818359375,1135939,71.77417984673316,74.60763377562898,63.42743429062707,매도
2022-12-19,2366.1195011409736,2366.1195011409736,2323.3583053372213,2342.36328125,1069877,53.38983309172443,63.11502155393464,66.4472276060804,매도
2022-12-20,2351.8657692063894,2389.8757210319473,2313.855817380832,2342.36328125,1222190,45.000002569226524,57.77436739024142,64.7126555629126,매도
2022-12-21,2356.616943359375,2366.119431034211,2318.6069926600303,2356.616943359375,663933,52.17390090157515,54.06874109446653,62.58387266922339,매도
2022-12-22,2375.6219542852723,2399.378173828125,2332.8607591081372,2399.378173828125,1349569,55.555549788492975,53.96045689440234,60.859189514259185,매도
2022-12-23,2361.368314640251,2399.378267390999,2356.6170705464074,2380.373291015625,1340875,58.51064643937936,51.744625848954,59.03627678119815,매도
2022-12-26,2394.626860851378,2427.8855672520913,2361.3681544506644,2413.6318359375,1988802,67.39130070525312,52.071996815024704,57.643420787963464,매도
2022-12-27,2442.1394510269165,2503.9056239128113,2423.1344747543335,2432.636962890625,2066971,70.96773658849771,53.25114946118083,56.76496652260693,매도
2022-12-28,2394.6268339879853,2598.9303138718806,2375.6218591150646,2570.4228515625,3550673,76.10617778877216,64.55960312310435,58.32389384270642,매도
2022-12-29,2565.671792150835,2665.447917401145,2551.418059972219,2632.189208984375,4359753,74.03845441227696,77.61101150083459,62.18131737433206,매도
2023-01-05,2560.92048069515,2803.2339213546175,2560.92048069515,2746.218994140625,6308475,72.94117255896225,93.5032867240875,73.80892421400867,매도
2023-01-09,2722.462739163417,2812.7363727482425,2693.955275926104,2703.457763671875,3351142,72.3529321086076,106.48394626774507,84.76325161597823,매도
2023-01-25,2741.4677734375,2779.477725235594,2727.214041513215,2741.4677734375,8505,67.06587655457548,102.84039154988523,103.11610255888972,매도
2023-01-26,2746.218897964015,2774.726360572638,2646.4427788338344,2665.44775390625,27360,55.34590219350718,91.58851232254938,100.81058451162167,매도
2023-01-27,2665.4479152513586,2746.2190641983693,2646.4429390285327,2731.96533203125,10352,48.920868894341154,87.0354392388872,98.05555545707479,매도
2023-01-30,2731.9652739025296,2731.9652739025296,2584.676711309524,2594.17919921875,10995,42.76730067882553,71.48487351817676,92.74141906929519,매도
2023-01-31,2613.184128364507,2646.4428354527827,2584.676665145985,2603.681640625,8071,43.47826225721195,59.244768936265245,86.04208904268921,매도
2023-02-01,2589.4279320976634,2651.194102955039,2579.925444273452,2598.930419921875,7115,49.29577821555172,48.60077459073864,78.55382615229911,매도
2023-02-02,2594.179089143786,2613.1840641558283,2427.885557788415,2465.8955078125,28902,40.47619411738618,29.095136191910115,68.66208816022132,매도
2023-02-03,2465.8955078125,2480.1492390715316,2437.3880452944363,2465.8955078125,10176,40.71856526945813,13.48137236174125,57.6259450005253,매도
2023-02-06,2465.8956241830315,2480.149356114725,2413.631940433487,2442.139404296875,5428,32.90322794524727,-0.800341143818514,45.940687771656535,매도
2023-02-07,2418.383102868436,2461.1442972217087,2389.875639966254,2408.880615234375,8739,18.978115057136236,-14.633719896729417,33.82580623797934,매도
2023-02-08,2413.631917475728,2456.3931128640775,2413.631917475728,2446.890625,9153,24.460443888456368,-22.272933585926694,22.606058273198133,매도
2023-02-09,2432.63675,2432.63675,2366.1193388671877,2375.621826171875,14345,22.36843528657701,-33.689510211901506,11.346944576178204,매도
2023-02-10,2361.368095214844,2399.378044433594,2332.8606333007815,2375.621826171875,12615,16.901425269687422,-42.25019548611226,0.6275165637201087,매도
2023-02-13,2361.3682684168425,2394.6269764227136,2361.3682684168425,2389.875732421875,4492,21.093783558000055,-47.33873763340898,-8.965734275705712,매도
2023-02-14,2389.875639966254,2432.6368343195268,2385.1243961492232,2408.880615234375,12377,23.48486706396244,-49.2699553585785,-17.026578492280272,매도
2023-02-15,2408.8807555786866,2413.63199967253,2356.6170705464074,2380.373291015625,514,25.409865410412948,-52.495625246362124,-24.120387843096644,매도
2023-02-16,2380.3732676715017,2423.134464096738,2370.8707795770047,2385.12451171875,3229,16.513770117760203,-54.045603988572566,-30.105431072191834,매도
2023-02-17,2356.61695590415,2456.3930770210595,2347.11446817873,2404.12939453125,8778,26.190470364561293,-53.12801145197773,-34.70994714814901,매도
2023-02-20,2404.129441034226,2408.880684988839,2370.8707333519346,2394.626953125,4032,23.809529635438707,-52.56168200999036,-38.28029412051728,매도
2023-02-21,2394.62680078125,2418.383019042969,2370.870582519531,2375.621826171875,1570,22.98850167383688,-53.035061582221715,-41.23124761285817,매도
2023-02-22,2375.6219655396003,2385.1244534017587,2337.6120140909666,2347.114501953125,5062,30.769242931260877,-55.07564338797829,-44.0001267678822,매도
2023-02-27,2665.4477485540947,2864.9999864137594,2651.1940172784043,2817.487548828125,7721932,78.28947501864381,18.330078963946562,-24.113354250295302,매도
2023-02-28,2812.7365021008404,2845.995210740546,2784.229037552521,2826.990234375,2545522,77.39726605943716,39.979678380480436,-11.294747724140153,매도
2023-03-02,2826.9902131453805,2841.2439453125,2689.204135529891,2731.96533203125,4271023,74.83445488961674,48.90567228676946,0.7453362780417723,매도
2023-03-13,2513.407958984375,2541.915421657166,2413.631839629608,2513.407958984375,2568856,55.144027961659084,12.783648722113867,17.68798615251632,매도
2023-03-14,2484.900478378357,2489.6517221228664,2356.6168972766063,2366.119384765625,2791603,49.62963146227535,-4.1871567375833365,13.312957574496387,매도
2023-03-15,2413.6319514849715,2503.905587465709,2389.875731490041,2489.65185546875,2438837,55.17241379310345,-7.581212849403073,9.134123489716496,매도
2023-03-16,2418.3830424520916,2446.890504642097,2347.114386977079,2370.87060546875,2335037,37.24697013226631,-19.629405381951983,3.3814177153827982,매도
2023-03-17,2394.626883783284,2423.134346685466,2385.1243961492232,2408.880615234375,1561728,38.00000246645823,-25.8130380076077,-2.4574734292153035,매도
2023-03-20,2399.378137896138,2418.3831132458104,2356.616943359375,2356.616943359375,1818624,29.36171654975773,-34.532780549943254,-8.872534853360895,매도
2023-03-21,2366.119477677442,2408.8806730571546,2342.363258022046,2347.114501953125,1382588,28.510641740567493,-41.72898122312017,-15.443824127312752,매도
2023-03-22,2375.6220004193588,2423.134440427746,2366.119512417681,2389.875732421875,1564914,33.928575934550764,-43.480333950225486,-21.051126091895302,매도
2023-03-23,2389.875650221302,2404.129381733556,2347.114455684539,2356.616943359375,1262110,38.97436437970285,-47.01009679301387,-26.242920232119022,매도
2023-03-24,2361.368112476301,2361.368112476301,2261.591995047725,2271.094482421875,2521355,36.53846058830359,-56.062157478620065,-32.20676768141924,매도
2023-03-27,2290.099480395047,2290.099480395047,2228.3333118366745,2266.34326171875,1298409,36.7149739266899,-62.89435758773607,-38.34428566268261,매도
2023-03-28,2290.0995629681042,2309.1045385943958,2271.094587341813,2299.60205078125,1162882,39.1509527712995,-64.87735333122828,-43.65089919639175,매도
2023-03-29,2299.602074032738,2328.1095377604165,2271.0946103050596,2294.850830078125,1131961,27.777798395032377,-66.07065417399508,-48.13485019191242,매도
2023-03-30,2299.6020973807053,2304.353341383558,2252.089657352178,2290.099609375,1856128,33.5570687363025,-66.63164931571009,-51.83421001667196,매도
2023-03-31,2299.6021443684895,2332.860853068034,2280.59716796875,2280.59716796875,1673330,33.5570687363025,-67.06986990279438,-54.881341993896456,매도
2023-04-03,2280.5971213692947,2309.1045853864107,2256.8409013550313,2290.099609375,1637570,43.33334903416343,-65.89084660499748,-57.08324291611666,매도
2023-04-04,2290.099643186736,2332.86083984375,2275.845910967732,2332.86083984375,1389120,33.98059560168302,-60.805065276266305,-57.82760738814659,매도
2023-04-05,2342.363234887942,2404.1294053819447,2337.611991003788,2351.86572265625,2040431,47.56098783689787,-54.61148452061434,-57.18438281464014,관망
2023-04-06,2351.865794187898,2351.865794187898,2233.0846934713377,2237.8359375,2652713,31.632661086720915,-58.23300400311791,-57.3941070523357,매도
2023-04-07,2242.587158203125,2266.3433780993446,2233.084670244637,2242.587158203125,1412192,36.363641671960835,-60.02773808286611,-57.920833258441775,매도
2023-04-10,2237.8357622195513,2252.0894931891025,2218.830787593483,2223.58203125,1152227,35.555544136765135,-62.265870488184646,-58.78984070439035,매도
2023-04-11,2228.3332667340815,2290.0994340422753,2214.0795358168057,2275.845703125,2060538,36.95650352626561,-59.14062865643291,-58.859998294798864,매도
2023-04-12,2256.8409474690757,2294.8509002685546,2256.8409474690757,2280.59716796875,1084262,40.6976945666819,-55.63907585307288,-58.215813806453674,관망
2023-04-24,2342.3632696242557,2347.1145135788693,2290.099586123512,2294.850830078125,1023367,45.12194128495328,-18.537032546966202,-30.645569121079927,관망
2023-05-04,2313.855666958237,2323.358154296875,2280.596961273006,2323.358154296875,1267997,48.45358749478207,-5.165922595625034,-11.984116819555945,관망
2023-05-15,2456.3929770378004,2470.6467080457564,2309.1044232889185,2323.358154296875,2534147,48.611099712139286,16.48659240534562,7.977433619353063,관망
2023-05-17,2318.606969944668,2389.8756268077213,2313.855726153798,2361.3681640625,1228965,50.0,7.619812041964451,8.141550357034411,매도
2023-05-18,2380.3731159991526,2389.8756034881712,2342.3631660430783,2366.119384765625,797639,49.618322407245934,6.477934371366246,7.808827159900778,매도
2023-05-19,2361.3681180720814,2389.8755802620867,2356.6168743737476,2370.87060546875,747918,57.89472023582811,5.888493011784249,7.424760330277473,매도
2023-05-30,2456.3931007309716,2456.3931007309716,2389.875686010984,2399.378173828125,1146412,48.35165579779092,20.550463188413232,16.567820885111303,관망
2023-05-31,2385.1244421024135,2484.9005641823946,2385.1244421024135,2399.378173828125,2185758,41.975312557886966,17.856667193744215,16.825590146837886,관망
2023-06-01,2423.13427734375,2432.6367647058823,2399.378058938419,2423.13427734375,852941,44.04761394994039,17.43772226818055,16.948016571106418,관망
2023-06-02,2451.6418225640714,2465.8955540906068,2413.631871826644,2456.39306640625,852377,48.88889396390975,19.563891356913246,17.471191528267784,관망
2023-06-05,2470.6467515655104,2484.9004828245425,2456.393020306479,2465.8955078125,1022077,74.19357244856774,21.76477253454368,18.329907729522965,매도
2023-06-07,2470.6467979327854,2513.407992512391,2451.6418225640714,2456.39306640625,1186853,74.19357244856774,22.48304852980209,19.160535889578792,매도
2023-06-08,2461.1443000562263,2537.1642012162642,2451.6418124112215,2508.65673828125,2075455,74.60319661220441,26.958765102663165,20.72018173219567,매도
2023-06-09,2522.9106211267917,2560.9205739874587,2513.4081329116248,2527.661865234375,1550962,75.75761114640557,31.674236760249187,22.910992737806374,매도
2023-06-12,2546.666771320093,2565.6717472254672,2518.1593074620328,2541.91552734375,1288883,76.47061935052903,36.144778919386226,25.55774997412235,매도
2023-06-13,2541.91552734375,2556.1692592727804,2513.408063485689,2541.91552734375,1163296,70.370387991984,39.23543412760591,28.29328680481907,매도
2023-06-14,2537.1642833674064,2546.666771320093,2499.1543315566587,2541.91552734375,1483173,70.370387991984,41.209760183873186,30.8765814806299,매도
2023-06-19,2508.656892123288,2522.9106244648974,2404.1295216181506,2427.8857421875,1947247,47.36843172810508,28.864092468776562,32.34502048536397,매도
2023-06-20,2427.8857188224792,2475.3981595039368,2418.3832306861877,2432.636962890625,1163302,55.223898911873064,22.714622836800572,30.418940955651287,매도
2023-06-21,2432.636950286807,2503.9056109397407,2418.38321815622,2484.900634765625,1250991,61.538481808527735,21.80698800021446,28.696550364563926,매도
2023-06-22,2489.651749894426,2489.651749894426,2456.3930433118667,2461.144287109375,636070,55.12821441864602,18.952272141421417,26.747694719935428,매도
2023-06-23,2461.144440610966,2480.14941698634,2366.1195587340944,2380.373291015625,1598109,40.90909887158227,10.056420744392199,23.40943992482678,매도
2023-06-26,2380.3733010488013,2494.403159781678,2375.6220569349316,2427.8857421875,1593953,45.83335117520864,6.762300561062148,20.080012052073855,매도
2023-06-27,2432.6368701550387,2456.3930895901467,2423.1343823809957,2451.641845703125,738589,49.49495159206642,5.999447700028213,17.263899181664726,매도
2023-06-28,2470.6468563988096,2499.154320126488,2437.3881487165177,2494.403076171875,1318114,48.453614800884665,8.7445534707972,15.56003003949122,매도
2023-06-29,2489.6517840600295,2489.6517840600295,2404.12939453125,2404.12939453125,1123145,38.392836251474435,3.5943050011164814,13.166885031816275,매도
2023-06-30,2432.6368701550387,2451.641845703125,2404.1294068329094,2451.641845703125,702277,42.01679801405002,3.3084163505327524,11.195191295559571,매도
2023-07-03,2451.641799514358,2475.3980185019004,2442.1393119193413,2461.144287109375,689907,42.97519397687523,3.804756279484991,9.717104292344656,매도
2023-07-04,2451.641904432778,2451.641904432778,2385.124488421036,2389.875732421875,1591924,38.235286338835394,-1.5349732814988784,7.466688777575949,매도
2023-07-05,2389.8757557659987,2413.631976002241,2375.622023624253,2385.12451171875,980779,41.26983609124601,-6.080044266775076,4.757342168705744,매도
2023-07-06,2385.124345623079,2394.62683305584,2313.8556898773695,2318.60693359375,2847543,35.294108756991704,-14.877954612595659,0.8302828124454623,매도
2023-07-07,2313.8558766682945,2313.8558766682945,2252.089703369141,2280.59716796875,3038285,37.79526921884901,-24.633473028977733,-4.262468355839178,매도
2023-07-10,2271.0946668947304,2361.3683042817593,2271.0946668947304,2332.86083984375,1012309,42.335763411846735,-27.826780322110153,-8.975330749093374,매도
2023-07-11,2332.8608271990165,2389.8757557659987,2332.8608271990165,2385.12451171875,934591,42.335763411846735,-25.842363147818105,-12.34873722883832,매도
2023-07-12,2394.6268472326806,2413.631822210718,2366.119384765625,2366.119384765625,1004200,42.64705437849585,-25.509198985897456,-14.98082958025015,매도
2023-07-13,2389.875650221302,2418.3831132458104,2356.616943359375,2356.616943359375,1782758,47.93387271572181,-25.715499324652228,-17.12776352913057,매도
2023-07-14,2380.373092865418,2394.626823960421,2356.6168743737476,2370.87060546875,1315521,44.73682075432577,-24.447032249998756,-18.591617273304205,매도
2023-07-17,2380.3731625464657,2389.875650221302,2347.114455684539,2356.616943359375,993442,41.07142365581137,-24.311664627584832,-19.73562674416033,매도
2023-07-18,2385.124524646767,2385.124524646767,2328.1095957707485,2332.86083984375,1046624,34.25925529439809,-25.823625151126635,-20.953226425553595,매도
2023-07-19,2332.86075812726,2347.1144898469784,2299.60205078125,2299.60205078125,875306,38.541662206197834,-29.36704605460045,-22.635990351362967,매도
2023-07-20,2290.099539908183,2332.860734636759,2280.5970521907216,2304.353271484375,814784,32.18389311056431,-31.429548574684304,-24.394701996027237,매도
2023-07-21,2313.855863551744,2351.865816135756,2299.602131332739,2332.86083984375,751052,35.16484571353712,-30.413189841527583,-25.59839956512731,매도
2023-07-24,2328.10938315501,2332.8606267941022,2252.0894849295405,2275.845703125,1398562,36.36362043867225,-33.81852436329518,-27.24242452476089,매도
2023-07-25,2275.8457956414472,2299.602014802632,2242.5870888157897,2256.8408203125,1418199,35.164825857162214,-37.61718423447155,-29.317376466703024,매도
2023-07-26,2242.5870992726295,2252.0895869814117,2147.562222184806,2204.5771484375,2682666,36.363641671960835,-44.33383819497158,-32.320668812356736,매도
2023-07-27,2195.074695675872,2252.0896228362844,2185.5722078158033,2247.33837890625,1755212,46.06740729706854,-45.679792705605905,-34.99249359100657,매도
2023-07-28,2223.5822519656185,2266.343449118803,2218.8310078374866,2228.33349609375,1224275,36.585370438836705,-47.72980705988539,-37.539956284782335,매도
2023-07-31,2237.835891046181,2290.099574276559,2237.835891046181,2247.33837890625,1643878,30.666656618127647,-47.27595520927889,-39.487156069681646,매도
2023-08-01,2247.338241290449,2299.601921320459,2209.328292177714,2275.845703125,974269,37.662320329021696,-44.107527409054455,-40.41123033755621,매도
2023-08-02,2280.5969467640916,2304.353164959551,2256.8407285686326,2275.845703125,1214142,38.66664474256653,-41.122491070883825,-40.55348248422174,매도
2023-08-03,2290.099480395047,2294.8507241303064,2252.0895305129716,2266.34326171875,1155250,35.1351276282532,-39.073184524144835,-40.257422892206364,관망
2023-08-04,2275.8457401463243,2342.3631521756533,2256.840765280802,2318.60693359375,1830427,45.12194128495328,-32.85314221374665,-38.77656675651443,관망
2023-08-10,2361.368293492561,2380.3732696977327,2261.5921684154105,2285.348388671875,2749589,44.44443810066474,-12.634481972958383,-24.810510700960414,관망
2023-08-16,2261.592074690194,2275.8458062533673,2195.074660728718,2204.5771484375,2399745,50.0,-21.657997507041728,-21.236699126782284,매도
2023-08-17,2190.3233906513938,2195.074634448902,2071.5422957136825,2109.55224609375,2804795,34.065912348005995,-34.19561835699733,-23.828482972825295,매도
2023-08-18,2071.54230567985,2109.5522562427827,2043.03484275765,2057.28857421875,2044245,31.632625239488974,-47.79802882084232,-28.6223921424287,매도
2023-08-21,2066.791164232337,2204.577241847826,2066.791164232337,2185.572265625,2553020,44.628103034153334,-47.67702427069753,-32.43331856808247,매도
2023-08-22,2176.069611827354,2176.069611827354,2109.5522001121076,2119.0546875,1484491,37.20930881002135,-52.34513777248503,-36.41568240896299,매도
2023-08-23,2109.5521772755874,2152.3133700582002,2109.5521772755874,2123.805908203125,676636,37.69231164496591,-55.02695111212597,-40.13793614959559,매도
2023-08-24,2128.557257174393,2152.3134765625,2109.5522816639073,2152.3134765625,857816,41.044785849156455,-54.22689114030345,-42.955727147737164,매도
2023-08-25,2128.557280143805,2157.0647437171597,2114.303548357128,2147.562255859375,1013226,35.48388700870264,-53.36110801459154,-45.036803321108046,매도
2023-08-28,2166.567266302874,2195.074730333175,2157.064778292774,2190.323486328125,842479,35.48388700870264,-48.66353181871045,-45.762149020628534,매도
2023-08-29,2195.074637726814,2214.0796129452283,2180.820906313004,2209.328369140625,584874,37.00788166178447,-42.91246543725174,-45.19221230395318,관망
2023-08-30,2247.338436261532,2351.8658053899753,2228.3334600563603,2285.348388671875,3714748,44.36620966991945,-31.853338190741397,-42.52443748131083,관망
2023-09-06,2337.6120140909666,2385.1244534017587,2328.109526228808,2347.114501953125,1040313,70.83332441240714,16.176264125718717,-9.604437205140863,매도
2023-09-07,2332.8607701598876,2356.6169898152834,2299.602062642333,2347.114501953125,1182719,77.98163450890767,19.549056761075008,-3.7737384118976878,매도
2023-09-08,2347.1143642578127,2375.621826171875,2342.363120605469,2375.621826171875,978054,72.72724087734449,24.24286538159822,1.8295823468014958,매도
2023-09-11,2375.621901814703,2589.4278729780262,2370.870658011074,2560.92041015625,6992367,91.15044127062659,42.42573222114197,9.948812321669593,매도
2023-09-12,2546.666618850047,2575.174081001354,2518.159156698741,2522.910400390625,1840524,84.99999143590719,53.15594640505287,18.590239138346252,매도
2023-09-13,2513.407909982793,2784.2288000943604,2508.656666296625,2674.9501953125,8142702,87.6712232342714,73.08557424769606,29.48930616021622,매도
2023-09-14,2684.452745592272,2817.4875719225083,2679.7015017947633,2812.736328125,5846689,90.22987504396481,98.8585573772857,43.36315640363012,매도
2023-09-15,2803.2338342911157,2993.2835857684795,2798.4825905041816,2964.776123046875,10155836,91.3705489749692,130.05300292982292,60.701125708868695,매도
2023-09-18,2945.7711811938316,2964.776156556373,2860.248792062398,2907.76123046875,3552793,85.85365425708574,148.46281353677705,78.25346327445038,매도
2023-09-19,2893.507568359375,2926.7662760416665,2860.2488606770835,2893.507568359375,2279265,83.33333333333333,160.05752613991854,94.61427584754402,매도
2023-09-20,2888.75618648374,2960.0248424002793,2836.4925054782775,2922.014892578125,2219328,81.81817916401958,169.59177383060023,109.60977544415528,매도
2023-09-21,2888.7563587176373,2964.7762628944174,2888.7563587176373,2936.268798828125,2012628,84.97111028407355,176.2660199691045,122.94102434914511,매도
2023-09-22,2903.010009765625,2936.268716915149,2845.995083223583,2903.010009765625,2084452,82.1229061505321,176.83327784506537,133.71947504832917,매도
2023-09-25,2903.010020751953,2903.010020751953,2793.7314111328124,2850.746337890625,2747971,78.19148732632426,171.09333480235682,141.19424699913472,매도
2023-09-27,2722.462692661586,2779.4776181623524,2689.2039861194726,2712.960205078125,1673910,67.74193013688185,140.28978520322607,143.43156843732112,매도
2023-10-04,2674.950413578392,2817.4877357939367,2641.6917050614315,2779.477783203125,4326204,68.88889244140105,131.44733816216012,141.03472238228892,매도
2023-10-05,2779.4777963884203,2798.482772773982,2703.4578908461726,2727.214111328125,2845735,58.88325455672738,118.85233787315201,136.59824548046154,매도
2023-10-06,2746.2189709493737,2750.97021484375,2698.706532005613,2750.97021484375,1062759,62.37113797999869,109.52509134172124,131.1836146527135,매도
2023-10-10,2779.4776181623524,2812.736324704466,2660.6965233690894,2712.960205078125,1722273,52.35294419909159,97.93713283759553,124.53431828968989,매도
2023-10-11,2736.716447368421,2750.970178865132,2670.1990337171055,2708.208984375,1520256,42.25352418475862,87.36314053083697,117.10008273791932,매도
2023-10-12,2731.965297523741,2731.965297523741,2665.4478815840325,2689.2041015625,2275347,24.561416951948672,76.5670232509733,108.99347084053012,매도
2023-10-13,2670.198979215802,2822.238778744104,2670.198979215802,2769.97509765625,2785903,37.815119156083895,73.67923848077044,101.9306243685782,매도
2023-10-16,2774.726481260832,2774.726481260832,2679.701601765598,2741.4677734375,1525963,36.8852434850035,68.30299106238363,95.20509770733929,매도
2023-10-17,2760.4727493365467,2774.726481260832,2708.209065614168,2741.4677734375,1428807,33.62070302065969,63.31244973957473,88.8265681137864,매도
2023-10-18,2741.4677730292383,2917.2638000692414,2741.4677730292383,2841.243896484375,3330092,42.53730942646368,66.64032091502122,84.38931867403336,매도
2023-10-19,2822.2387925866888,2841.2437676209424,2788.9800862767443,2817.487548828125,1642823,43.181811104052215,66.59310027460106,80.83007499414691,매도
2023-10-20,2831.7413033150337,2865.000009897593,2803.233840529983,2812.736328125,2663015,46.72130560643705,65.41819355978168,77.74769870727387,매도
2023-10-23,2812.7363486842105,2817.4875925164474,2684.452765213816,2708.208984375,2014012,46.72130560643705,55.413812517575934,73.28092146933429,매도
2023-10-24,2722.4627027239117,2736.7164341517855,2632.1890703473773,2660.696533203125,1898961,45.599999342277265,43.15395875834702,67.25552892713684,매도
2023-10-25,2660.696487155249,2731.9651430611934,2655.945243428186,2670.198974609375,1132413,39.822982290043846,33.81490673713233,60.56740448913593,매도
2023-10-26,2693.955405706092,2698.706649807866,2627.43798828125,2627.43798828125,1499569,40.540529280212425,22.701497762858708,52.99422314388049,매도
2023-10-27,2651.1940089397117,2660.696496426951,2613.1840589907556,2617.935302734375,1449731,37.037021177592315,12.977655442946343,44.990909603693666,매도
2023-10-30,2608.4327923318615,2641.691498245018,2584.6765738224635,2622.6865234375,971412,40.594046812907614,5.590381710581369,37.11080402507121,매도
2023-10-31,2660.6966733416066,2765.2240426514554,2622.686720865298,2632.189208984375,2228456,42.15687311684301,0.4969725711789579,29.78803773429276,매도
2023-11-01,2636.9403948102677,2717.7115420386904,2636.9403948102677,2693.955322265625,1482798,50.450448365206434,1.4279576659209852,24.116021720618406,매도
2023-11-02,2712.9601728331368,2717.711416568396,2494.402961011203,2518.1591796875,4839534,29.770997456660467,-11.882534988771113,16.9163103787405,매도
2023-11-03,2522.910437011719,2584.6766059027777,2518.159193250868,2565.671630859375,1544638,36.296293194897025,-18.38540310065946,9.855967682860507,매도
2023-11-06,2613.184095110212,2660.696533203125,2565.671657017299,2660.696533203125,2035892,44.516124968547686,-15.690388436104968,4.746696459067411,매도
2023-11-07,2636.940383226268,2684.452822563678,2632.1891392925268,2646.44287109375,1203645,35.036499909420655,-14.537146135723106,0.8899279401093064,매도
2023-11-08,2684.4528826545265,2684.4528826545265,2579.9255137724035,2584.6767578125,1266513,33.10346122892746,-18.395154553749308,-2.9670885586624176,매도
2023-11-09,2575.1743031617316,2646.4429646883477,2575.1743031617316,2627.43798828125,1260864,37.25491578977064,-17.797027042687205,-5.933076255467376,매도
2023-11-10,2632.189010841259,2651.193985648777,2603.681548629982,2622.6865234375,665243,43.18181641237807,-17.504627731895198,-8.24738655075294,매도
2023-11-13,2646.44287109375,2708.209042232383,2627.437895358786,2646.44287109375,1730624,48.818904328074446,-15.180963755341054,-9.634101991670564,매도
2023-11-14,2693.955345558193,2712.960321540967,2636.940417609872,2689.2041015625,1119487,51.492547901689896,-9.77627457671315,-9.662536508679082,매도
2023-11-15,2679.7015187414618,2698.706494051685,2541.915447742344,2608.432861328125,2870903,48.591539866957554,-11.873710770822981,-10.104771361107863,매도
2023-11-16,2608.432861328125,2627.437836638348,2589.427886017902,2608.432861328125,1041155,49.285718480368914,-13.381688293036405,-10.760154747493573,매도
2023-11-17,2598.9304076466483,2627.437870984637,2518.1592615223462,2551.41796875,1884819,45.0331243015448,-18.9588508503698,-12.39989396806882,매도
2023-11-20,2551.4179580577097,2608.4328844947536,2527.661738708942,2603.681640625,1134488,48.12499417909503,-18.943185572208222,-13.708552288896703,매도
2023-11-21,2622.6866394824037,2622.6866394824037,2584.6766881855574,2598.930419921875,1110626,43.243246058320054,-19.09405020441409,-14.785651872000182,매도
2023-11-22,2579.9254334152383,2727.2139940706206,2579.9254334152383,2651.194091796875,2329286,61.47541018129897,-14.825471174610811,-14.793615732522309,매도
2023-11-29,2674.9503464471727,2679.701590401786,2575.1742234002977,2594.17919921875,1548954,46.391747116109954,-1.9704099718751422,-6.121355093004271,관망
2023-12-01,2617.9353722342607,2632.189103843522,2541.9154703182026,2603.681640625,787496,45.63106699246792,-5.624212394789538,-5.518595541300368,매도
2023-12-04,2603.681710507454,2617.935442499283,2579.9254905210723,2589.427978515625,893574,39.17526210092879,-8.772336680983699,-6.1693437692370345,매도
2023-12-05,2579.9253755326704,2641.6915447443184,2579.9253755326704,2613.18408203125,948460,50.588232449297024,-9.243772389079822,-6.7842294932055935,매도
2023-12-06,2627.4378833945098,2646.442859042933,2598.930419921875,2598.930419921875,774927,48.863641671960835,-10.644832985184621,-7.556350191601399,매도
2023-12-07,2584.676629174397,2598.930360585285,2546.666678745362,2560.92041015625,1247098,51.190470364561286,-14.653358926567762,-8.975751938594673,매도
2023-12-08,2565.6716771462593,2584.676652532528,2546.6667017599907,2556.169189453125,970068,43.24324136652406,-18.005966840703422,-10.781794919016424,매도
2023-12-11,2560.92041015625,2575.174141567138,2556.169166352621,2560.92041015625,568848,44.594586149358285,-20.04844299266142,-12.635124533745424,매도
2023-12-12,2575.1742116444148,2613.184163107801,2546.666748046875,2546.666748046875,1269853,33.33333333333333,-22.557245582063842,-14.619548743409108,매도
2023-12-13,2565.6717707601824,2589.4279908598137,2537.164306640625,2537.164306640625,1058454,28.125025090123728,-25.023798542554687,-16.70039870323823,매도
2023-12-14,2565.671653959879,2579.925385370768,2518.159215923585,2560.92041015625,2218703,31.343240084301456,-24.776037777675356,-18.315526518125655,매도
2023-12-15,2560.920550319536,2570.4230384468806,2527.661841873827,2532.4130859375,1302649,25.7142647409664,-26.573663751100867,-19.967153964720698,매도
2023-12-18,2532.413062620699,2546.6667946804773,2518.15933056092,2537.164306640625,1123489,27.941146466589032,-27.300211637141274,-21.433765499204814,매도
2024-01-03,2608.432943012558,2608.432943012558,2541.91552734375,2541.91552734375,1535305,48.14815695894658,-1.3194059171869412,-3.878613541568992,관망
2024-01-04,2527.6617838541665,2537.1642717633927,2489.651832217262,2494.403076171875,1477686,45.21739246997131,-10.174274096541467,-5.1377456525634875,매도
2024-01-05,2494.4030643203882,2503.905552184466,2442.139381067961,2446.890625,1520501,42.2764197074422,-20.78606978243488,-8.267410478537766,매도
2024-01-08,2446.8906366257443,2456.3931245349704,2385.124465215774,2394.626953125,1542558,36.43411902574884,-33.03245823540101,-13.220420029910416,매도
2024-01-09,2423.13427734375,2437.3880083869485,2399.378058938419,2423.13427734375,989078,41.085257731383855,-39.9766802111817,-18.571672066164677,매도
2024-01-10,2423.134464096738,2423.134464096738,2375.622023624253,2385.12451171875,984159,38.23529522890503,-47.993853316580044,-24.456108316247754,매도
2024-01-11,2408.88063839396,2432.63685770751,2389.87566294312,2404.12939453125,1183966,27.586205369067457,-52.21211676948133,-30.007310006894475,매도
2024-01-12,2413.6317899816177,2475.397957835478,2399.378058938419,2423.13427734375,1499115,29.999987153855272,-53.40595512765822,-34.68703903104723,매도
2024-01-15,2408.8805603027345,2442.1392662635217,2408.8805603027345,2470.646728515625,69263,36.799982899215955,-49.94251665237425,-37.738134555312634,매도
2024-01-16,2446.8907186429797,2461.144450984589,2413.6320098458905,2427.8857421875,877106,35.93750188176003,-50.070983803015224,-40.20470440485315,매도
2024-01-17,2432.636797188755,2437.388040933264,2366.119384765625,2366.119384765625,1078002,28.571412013560902,-54.52825599397465,-43.06941472267746,매도
2024-01-18,2366.1193942906184,2366.1193942906184,2299.6019815997174,2313.855712890625,1486045,26.95034608072193,-61.568197991233774,-46.76917137638873,매도
2024-01-19,2328.1094210265114,2351.8656396084143,2318.60693359375,2318.60693359375,951573,19.531211737530597,-66.00317542027597,-50.61597218516618,매도
2024-01-22,2328.109526228808,2366.119477677442,2323.358282297729,2347.114501953125,562003,26.050405290802416,-66.45159187965737,-53.78309612406442,매도
2024-01-23,2351.8657794981514,2499.1543434667224,2351.8657794981514,2489.65185546875,2005807,45.86465991120123,-54.67513108300136,-53.96150311585181,매도
2024-01-30,2665.447782700244,2945.7711680466155,2655.945295061384,2860.248779296875,15641527,77.77777143400351,24.716605024482305,-22.19403665948167,매도
2024-01-31,2845.995174703331,2888.7563709843494,2788.98024632864,2884.005126953125,4100253,77.90055185880091,49.60665515615847,-7.833898296353641,매도
2024-02-01,2869.7513695161138,3406.641940303069,2845.9951495697883,3188.084716796875,42923987,83.40248927267398,92.79914997442393,12.29271135780188,매도
2024-02-02,3297.36320193878,3401.8905656890006,3074.054743017854,3363.880615234375,19732300,85.074624576317,139.60548795555042,37.7552666773516,매도
2024-02-05,3425.6468231283875,3553.9304073509484,3287.8607511856367,3506.41796875,14550218,89.27334058999426,186.0566756804078,67.41554847796286,매도
2024-02-06,3506.417905390515,3558.6815869071756,3321.119398195081,3368.6318359375,7367691,84.59015758212895,209.33826600195835,95.80009198276197,매도
2024-02-07,3378.1345194832224,3506.4181088306864,3287.860882535007,3477.91064453125,5903490,88.64352719142562,233.910604791256,123.42219454446081,매도
2024-02-08,3425.646787792567,3591.9403211805557,3406.6418125482255,3463.65673828125,5861335,87.77427911828626,249.3597255117461,148.60970073791788,매도
2024-02-13,3468.4079314755722,3625.198974953235,3335.373106706646,3373.383056640625,9117384,82.53010407228754,251.42071186545036,169.1719029634244,매도
2024-02-14,3325.8708153378257,3425.6469397979604,3211.8409588119575,3283.109619140625,5955165,76.01245587291078,242.96895160849,183.93131269243753,매도
2024-02-16,3211.8407876657884,3287.8606879655704,3164.3283499784247,3268.855712890625,4276043,71.30680839460065,215.39891561411469,196.71292925950746,매도
2024-02-19,3245.0996776368584,3382.8857547253924,3235.5971895617868,3330.6220703125,4546934,73.74301267031,210.75514974087355,199.5213733557807,매도
2024-02-20,3335.373111691095,3349.6268429376382,3173.830824230273,3221.34326171875,3413554,67.2268781771699,195.99770571030422,198.81663982668542,매도
2024-02-21,3226.0946336246343,3340.1244881268303,3202.3384139366767,3245.099609375,3892385,62.857136798195306,184.09710685881464,195.8727332331113,매도
2024-02-22,3292.612060546875,3302.114548456101,3154.8259858630954,3192.8359375,3473961,60.124603510636675,168.5061213200829,190.39941085050563,매도
2024-02-23,3235.5970161471796,3340.1243793707304,3188.084578318293,3216.592041015625,4629615,51.145031879987684,156.26573781582692,183.5726762435699,매도
2024-02-26,3074.0547648909824,3088.308496412888,2855.497548221763,2907.76123046875,8497439,33.44828704324682,120.25881157580852,170.90990331001765,매도
2024-02-27,2898.258882528878,2936.2688350866338,2860.248929971122,2879.25390625,3045410,25.187988225599014,88.40369750050013,154.40866214811416,매도
2024-02-28,2860.248849388861,2964.7762159778226,2841.2438736454133,2945.771240234375,2997940,32.27092881356765,67.7447635712997,137.07588243275129,매도
2024-02-29,2964.7762276785716,3026.5423990885415,2945.7712518601193,2993.28369140625,3230708,28.57143165573558,54.57713607271626,120.57613316074428,매도
2024-03-04,3026.5424447316786,3145.3235453883376,3026.5424447316786,3083.557373046875,2821253,34.25197734466842,50.839976470254896,106.6289018226464,매도
2024-03-05,3069.303547146954,3112.0647420762457,2993.283645050435,3002.7861328125,2296224,34.523817048948075,40.889339652248054,93.48098938856674,매도
2024-03-06,2983.781111371254,3050.298524682078,2964.77613613959,3012.28857421875,1744127,37.872338471569805,33.38531080841403,81.46185367253621,매도
2024-03-07,3026.5424106597898,3059.801118469238,2964.776239013672,3040.796142578125,2618518,43.77881057309405,29.39973456560665,71.0494298511503,매도
2024-03-08,3097.811058407738,3112.0647902715773,2988.532447451637,2993.28369140625,1970170,35.92234147928143,22.151925340971047,61.269928949114444,매도
2024-03-11,2964.7760770267573,2998.0347830190444,2945.7711021740215,2974.278564453125,1396101,30.964461973735453,14.704920233204575,51.956927205932466,매도
2024-03-12,2988.532447451637,3012.2886672247023,2960.0249837239585,2993.28369140625,1937740,36.5168662581306,10.218873136676848,43.60931639208135,매도
2024-03-13,2998.034992851807,3083.5573856748383,2988.5325047603596,3031.293701171875,1924237,37.569067517890204,9.619847009456407,36.81142251555636,매도
2024-03-14,3040.796085375191,3121.56723139297,3012.2886220747987,3102.562255859375,3083909,44.86486276293967,14.726137488734366,32.39436551019196,매도
2024-03-15,3097.8110817307693,3178.582229567308,3045.5473978365385,3088.30859375,4717077,42.62296002590006,17.421928921167364,29.39987819238704,매도
2024-03-18,3112.0648499491817,3116.8160939949057,2998.034992851807,3031.293701171875,2129017,60.00000790531644,14.787279166315784,26.47735838717279,매도
2024-03-19,3002.7861328125,3078.8060349090188,2993.283645050435,3002.7861328125,1968818,59.99998418937336,10.28047086628112,23.237980882994457,매도
2024-03-20,3017.039818026666,3088.308475145406,3002.786086602918,3012.28857421875,1732000,55.932191580688304,7.390368853177279,20.068458477031022,매도
2024-03-21,3040.796153846154,3102.5623257211537,3036.044909855769,3088.30859375,2354274,58.06451078204758,11.106098248786111,18.27598643138204,매도
2024-03-22,3097.8110939945227,3121.567314040493,3026.5424338566118,3036.044921875,1845777,45.68965784550888,9.72153522399185,16.565096189904004,매도
2024-03-25,3045.547315002638,3045.547315002638,2945.7711939183077,2955.273681640625,2169751,45.68965784550888,2.0826870779037563,13.668614367503954,매도
2024-03-26,2960.02504241795,2993.2837507597246,2922.01509002735,2931.517578125,1967143,42.85716136297689,-5.820973568600948,9.770696780282973,매도
2024-03-27,2922.0149253731342,2931.5174129353236,2836.492537313433,2865.0,3960024,35.43307245906534,-17.253209953257738,4.36591543357483,매도
2024-03-28,2910.0,2965.0,2885.0,2900.0,3653704,42.10658965173882,-23.221449742339246,-1.1515576016079874,매도
2024-03-29,2910.0,2920.0,2810.0,2835.0,2781608,39.065743347753006,-32.81797436635088,-7.484840954556568,매도
2024-04-01,2835.0,2865.0,2810.0,2835.0,1690617,37.19150802494014,-39.96262500492003,-13.980397764629265,매도
2024-04-02,2825.0,2890.0,2820.0,2860.0,1466057,35.84058741404384,-43.11056923736078,-19.80643205917557,매도
2024-04-03,2865.0,2875.0,2820.0,2830.0,1439959,25.819838122445617,-47.478781166055796,-25.34090188055162,매도
2024-04-04,2845.0,2885.0,2835.0,2860.0,900610,30.29626233443122,-47.96693830487948,-29.866109165417196,매도
2024-04-05,2845.0,2860.0,2805.0,2805.0,1441642,30.401995281588682,-52.19023021358771,-34.3309333750513,매도
2024-04-08,2805.0,2885.0,2805.0,2860.0,1376473,38.17664877418437,-50.51685230487101,-37.568117161015245,매도
2024-04-09,2870.0,2910.0,2815.0,2820.0,1106007,34.84314200930642,-51.82099380311456,-40.41869248943511,매도
2024-04-11,2765.0,2790.0,2700.0,2720.0,2302579,22.026144178677598,-60.229412426489034,-44.3808364768459,매도
2024-04-12,2710.0,2745.0,2620.0,2630.0,3347645,20.831988775868112,-73.31031690432974,-50.16673256234267,매도
2024-04-15,2610.0,2650.0,2585.0,2650.0,1771489,25.97305771803414,-81.12800198634932,-56.35898644714401,매도
2024-04-16,2620.0,2625.0,2580.0,2615.0,1142586,25.521347846183133,-89.12045608780181,-62.91128037527558,매도
2024-04-17,2625.0,2645.0,2605.0,2625.0,714187,29.66101694915254,-93.5690117959166,-69.0428266594038,매도
2024-04-18,2635.0,2655.0,2610.0,2635.0,1282098,26.54867256637168,-95.19031314220729,-74.2723239559645,매도
2024-04-19,2615.0,2640.0,2585.0,2625.0,1622656,29.411764705882348,-96.17349438910469,-78.65255804259255,매도
2024-04-22,2650.0,2780.0,2635.0,2775.0,2697817,45.45454545454545,-83.88198688295188,-79.69844381066441,매도
2024-04-23,2795.0,2865.0,2765.0,2825.0,2203990,47.44525547445255,-69.30736434242863,-77.62022791701726,관망
2024-05-03,2900.0,2900.0,2830.0,2850.0,1216140,71.56862745098039,4.226802313155076,-22.853016450006013,매도
2024-05-07,2880.0,2980.0,2875.0,2960.0,2199630,75.83333333333333,12.597217729968634,-15.762969614011084,매도
2024-05-08,2950.0,2990.0,2925.0,2975.0,1513335,81.0344827586207,20.20825866644691,-8.568723957919484,매도
2024-05-09,2975.0,2985.0,2935.0,2945.0,1832960,76.66666666666666,23.547868988002392,-2.145405368735107,매도
2024-05-10,2965.0,3050.0,2960.0,3015.0,2096375,78.78787878787878,31.480066601893213,4.579689025390559,매도
2024-05-13,3025.0,3085.0,3000.0,3035.0,2014235,80.59701492537313,38.93144573981999,11.450040368276449,매도
2024-05-14,3065.0,3070.0,2950.0,3060.0,2799422,76.14678899082568,46.32005964286964,18.424044223195093,매도
2024-05-16,3090.0,3210.0,3085.0,3160.0,4108993,78.15126050420167,59.55820375901567,26.650876130359208,매도
2024-05-22,2975.0,2980.0,2900.0,2920.0,1406499,47.972972972972975,41.10502808014462,40.249780536403364,관망
2024-05-23,2900.0,2920.0,2860.0,2890.0,1253443,46.103896103896105,30.92022413190989,38.38386925550467,매도
2024-05-24,2855.0,2885.0,2840.0,2840.0,1098774,46.40522875816993,18.599705663841178,34.42703653717197,매도
2024-05-27,2845.0,2870.0,2755.0,2770.0,2006940,44.936708860759495,3.150869762489492,28.171803182235475,매도
2024-05-28,2765.0,2835.0,2760.0,2815.0,1233448,39.99999999999999,-5.399082807087325,21.457625984370914,매도
2024-05-29,2790.0,2815.0,2760.0,2780.0,1689917,36.912751677852356,-14.828258378042847,14.200449111888162,매도
2024-05-30,2750.0,2790.0,2725.0,2760.0,989073,37.414965986394556,-23.64224769001021,6.631909751508486,매도
2024-05-31,2790.0,2815.0,2760.0,2805.0,2008916,35.21126760563381,-26.688623957904383,-0.03219699037408931,매도
2024-06-03,2820.0,2850.0,2785.0,2815.0,1357292,34.28571428571429,-27.97352133066579,-5.6204618584324315,매도
2024-06-04,2790.0,2815.0,2760.0,2790.0,1770580,30.714285714285708,-30.65572273290809,-10.627514033327566,매도
2024-06-05,2795.0,2795.0,2750.0,2760.0,1337872,18.253968253968253,-34.80097200551427,-15.462205627764911,매도
2024-06-07,2765.0,2845.0,2765.0,2800.0,1339359,29.807692307692307,-34.46119896262144,-19.26200429473622,매도
2024-06-10,2800.0,2810.0,2775.0,2785.0,774759,26.92307692307692,-34.99885599211984,-22.409374634212945,매도
2024-06-11,2790.0,2820.0,2750.0,2750.0,1107427,27.72277227722772,-37.8132726848371,-25.49015424433778,매도
2024-06-12,2740.0,2760.0,2720.0,2740.0,760906,30.434782608695656,-40.38510031947453,-28.469143459365135,매도
2024-06-13,2760.0,2800.0,2710.0,2710.0,2232530,30.434782608695656,-44.332998320179286,-31.641914431527972,매도
2024-06-14,2710.0,2765.0,2695.0,2750.0,1724031,40.0,-43.72997825440507,-34.059527196103396,매도
2024-06-17,2740.0,2780.0,2740.0,2760.0,789939,48.717948717948715,-41.96145850766561,-35.63991345841584,매도
2024-06-20,2920.0,2995.0,2880.0,2990.0,1657276,72.11538461538461,-3.7595951081166277,-26.219549439718694,매도
2024-06-25,2995.0,3010.0,2965.0,2995.0,861369,70.7070707070707,23.982933073370987,-5.28802741890432,매도
2024-06-28,2945.0,3050.0,2940.0,3000.0,2697733,70.47619047619048,33.06888662620895,11.712343407526138,매도
2024-07-01,2995.0,3030.0,2955.0,2985.0,944635,73.26732673267327,35.745097136498316,16.518894153320577,매도
2024-07-02,2960.0,3090.0,2950.0,3050.0,3363149,77.67857142857143,42.61967691365908,21.73905070538828,매도
2024-07-03,3050.0,3075.0,3015.0,3045.0,1424250,81.30841121495327,47.12118896797483,26.815478357905594,매도
2024-07-04,3050.0,3125.0,3020.0,3045.0,2625680,79.79797979797979,50.11102104508245,31.47458689534097,매도
2024-07-05,3050.0,3100.0,3020.0,3025.0,1573311,76.23762376237624,50.2869747118184,35.23706445863646,매도
2024-07-22,3070.0,3085.0,2930.0,2980.0,2184662,43.96551724137931,39.76542096786079,46.064514645676454,매도
2024-07-23,2990.0,3010.0,2965.0,2970.0,746382,43.58974358974359,31.319853679870448,43.115582452515255,매도
2024-07-24,2945.0,3025.0,2940.0,2985.0,940081,45.0,25.542616019138677,39.60098916583994,매도
2024-07-25,2960.0,2990.0,2935.0,2955.0,1211262,44.26229508196721,18.332043880170204,35.347200108706,매도
2024-07-26,2970.0,3065.0,2960.0,2995.0,1858846,53.44827586206896,15.664706234196274,31.410701333804052,매도
2024-07-29,3015.0,3085.0,3000.0,3020.0,1278885,55.0,15.3906986057641,28.206700788196063,매도
2024-07-30,3000.0,3050.0,2980.0,3020.0,1143842,49.53271028037383,15.000627687696124,25.565486168096076,매도
2024-07-31,3030.0,3145.0,3025.0,3115.0,2545750,46.53465346534653,22.102416823823205,24.872872299241504,매도
2024-08-01,3095.0,3125.0,3035.0,3090.0,1320895,48.958333333333336,25.420315243024106,24.982360887998027,관망
2024-08-02,3050.0,3080.0,2935.0,2960.0,2393799,43.11926605504587,17.359747733930817,23.457838257184587,매도
2024-08-05,2915.0,2915.0,2700.0,2730.0,3482191,29.870129870129873,-7.500921941101751,17.26608621752732,매도
2024-08-06,2810.0,2870.0,2750.0,2760.0,2098167,28.0,-24.500011607396573,8.912866652542538,매도
2024-08-07,2745.0,2850.0,2730.0,2810.0,1219019,32.07547169811322,-33.55058030198825,0.4201772616363785,매도
2024-08-08,2800.0,2885.0,2765.0,2815.0,1908093,33.548387096774206,-39.8602785065591,-7.635913892002719,매도
2024-08-09,2840.0,2900.0,2815.0,2880.0,970798,43.33333333333333,-39.16434087758762,-13.9415992891197,매도
2024-08-12,2890.0,2910.0,2850.0,2910.0,847157,46.103896103896105,-35.7796109303581,-18.309201617367382,매도
2024-08-13,2910.0,3010.0,2905.0,2990.0,1678440,50.299401197604794,-26.338245747424935,-19.915010443378893,매도
2024-08-14,2990.0,2995.0,2800.0,2820.0,3828252,43.07692307692307,-32.20226737621033,-22.372461829945184,매도
2024-08-16,2850.0,2925.0,2845.0,2920.0,1894867,46.3768115942029,-28.452400932937053,-23.58844965054356,매도
2024-08-19,2920.0,3010.0,2905.0,2995.0,1892113,48.8479262672811,-19.20732151518223,-22.712224023471297,관망
2024-08-21,3035.0,3070.0,3010.0,3015.0,1062702,45.45454545454546,-0.1660334595335371,-15.61862264852871,관망
2024-08-22,3035.0,3035.0,2960.0,3010.0,1268097,46.2962962962963,4.446479879760318,-11.605602142870904,관망
2024-09-04,2965.0,2970.0,2910.0,2945.0,1436033,60.68376068376069,3.0470092387126897,3.261363614447643,매도
2024-09-05,2940.0,2960.0,2920.0,2950.0,841875,53.06122448979592,1.4540732831874266,2.8999055481956,매도
2024-09-06,2945.0,2945.0,2880.0,2940.0,1332893,43.52941176470588,-0.6082448960205511,2.1982754593523697,매도
2024-09-09,2880.0,2880.0,2820.0,2860.0,1278792,27.272727272727266,-8.598856063252242,0.03884915483144661,매도
2024-09-10,2860.0,2925.0,2850.0,2910.0,805036,38.20224719101124,-10.772709757655775,-2.1234626276659982,매도
2024-09-11,2930.0,2930.0,2760.0,2790.0,2641119,30.35714285714286,-21.925755133525854,-6.083921128837971,매도
2024-09-12,2815.0,2865.0,2785.0,2855.0,2375047,39.83050847457627,-25.228844756974013,-9.91290585446518,매도
2024-09-13,2870.0,2910.0,2855.0,2895.0,1020415,40.33613445378151,-24.338344094353488,-12.797993502442843,매도
2024-09-19,2920.0,2990.0,2885.0,2975.0,2095080,47.014925373134325,-16.981531961595465,-13.634701194273369,매도
2024-09-20,2975.0,2995.0,2950.0,2960.0,1423235,48.83720930232558,-12.22070727682376,-13.351902410783445,관망
2024-09-23,2960.0,2965.0,2900.0,2915.0,888745,49.21875,-11.941192697280712,-13.069760468082897,관망
2024-09-25,3000.0,3010.0,2870.0,2870.0,2179363,44.07894736842105,-10.762256724288363,-11.541247266804328,관망
2024-09-26,2890.0,2920.0,2880.0,2910.0,1254108,44.80519480519481,-10.86571853718715,-11.406141520880894,관망
2024-09-27,2920.0,2945.0,2900.0,2905.0,1228615,47.26027397260274,-11.221812908692755,-11.369275798443267,관망
2024-09-30,2930.0,2935.0,2870.0,2870.0,970077,44.73684210526316,-14.164943109631167,-11.928409260680848,매도
2024-10-02,2845.0,2870.0,2795.0,2795.0,1251551,41.21212121212121,-22.29229647948705,-14.001186704442091,매도
2024-10-04,2805.0,2850.0,2785.0,2825.0,644002,47.74193548387097,-26.012675370634042,-16.403484437680483,매도
2024-10-07,2845.0,2960.0,2835.0,2955.0,1951222,52.63157894736843,-18.260691021866933,-16.774925754517774,매도
2024-10-14,2960.0,2985.0,2930.0,2945.0,916148,47.72727272727273,-4.039155967221632,-11.889824193539852,관망
2024-10-15,2935.0,2965.0,2925.0,2955.0,803132,49.61832061068702,-0.4066412887991646,-9.593187612591715,관망
2024-10-17,2985.0,3000.0,2920.0,2920.0,1167630,45.0,2.4734025715615644,-5.126287416730753,관망
2024-10-21,2920.0,2955.0,2890.0,2895.0,840413,48.45360824742268,-0.35777500571020937,-2.9936376796374713,관망
2024-10-24,2910.0,2910.0,2825.0,2840.0,1960089,54.94505494505495,-8.134735948300658,-3.706570513237537,매도
2024-10-25,2855.0,2905.0,2845.0,2890.0,965646,56.8421052631579,-8.747297861531933,-4.714715982896417,매도
2024-10-28,2900.0,2905.0,2850.0,2900.0,695586,42.25352112676056,-8.329820182592812,-5.437736822835697,매도
2024-10-29,2900.0,2925.0,2875.0,2925.0,701740,48.611111111111114,-5.913507810973442,-5.532891020463246,매도
2024-11-01,2950.0,2965.0,2920.0,2925.0,851773,47.05882352941176,1.2827046056731888,-2.9147417804776277,관망
2024-11-04,2925.0,2935.0,2895.0,2920.0,715616,44.776119402985074,1.3037910491348157,-2.071035214555139,관망
2024-11-05,2890.0,2915.0,2870.0,2900.0,496994,40.57971014492754,-0.2899878461485059,-1.7148257408738123,관망
2024-11-11,2890.0,2910.0,2850.0,2870.0,800740,44.92753623188406,-4.358987559335674,-1.556696814168213,매도
2024-11-12,2865.0,2890.0,2830.0,2830.0,1191033,39.473684210526315,-10.261774591668654,-3.297712369668302,매도
2024-11-13,2810.0,2820.0,2750.0,2750.0,1352332,38.46153846153846,-21.15128836809299,-6.868427569353241,매도
2024-11-14,2780.0,2780.0,2590.0,2595.0,3050091,20.202020202020208,-41.8065907471364,-13.856060204909873,매도
2024-11-15,2610.0,2620.0,2555.0,2595.0,1267967,18.556701030927826,-57.51309157690412,-22.587466479308723,매도
2024-11-18,2605.0,2765.0,2605.0,2690.0,1725541,28.828828828828833,-61.58498719479121,-30.386970622405226,매도
2024-11-19,2690.0,2730.0,2660.0,2665.0,1056400,26.956521739130437,-66.06769758265455,-37.52311601445509,매도
2024-11-20,2655.0,2775.0,2655.0,2725.0,1487645,30.578512396694208,-64.04055959499556,-42.82660473056319,매도
2024-11-21,2750.0,2765.0,2705.0,2740.0,1218209,34.188034188034194,-60.52595792836746,-46.36647537012405,매도
2024-11-22,2740.0,2760.0,2730.0,2740.0,820116,34.482758620689665,-57.08259812769529,-48.5096999216383,매도
2024-11-25,2760.0,2775.0,2725.0,2750.0,987846,36.84210526315789,-52.936574373576605,-49.39507481202597,매도
2024-11-26,2735.0,2740.0,2655.0,2675.0,1715245,30.39999999999999,-55.06790534258744,-50.52964091813827,매도
2024-11-27,2675.0,2750.0,2675.0,2720.0,971268,34.09090909090909,-52.52045347679814,-50.92780342987025,매도
2024-11-28,2740.0,2745.0,2695.0,2725.0,753443,36.507936507936506,-49.52720254517544,-50.647683252931294,관망
2024-11-29,2730.0,2730.0,2665.0,2695.0,939671,36.220472440944874,-49.01081275492879,-50.320309153330804,관망
2024-12-02,2700.0,2730.0,2630.0,2645.0,1818337,35.65891472868218,-52.03631006735668,-50.66350933613599,매도
2024-12-03,2670.0,2725.0,2660.0,2715.0,1314392,47.24409448818897,-48.22966197803544,-50.17673986451589,관망
2024-12-04,2665.0,2700.0,2600.0,2605.0,2409543,50.847457627118644,-53.4725483812399,-50.835901567860695,매도
2024-12-05,2610.0,2620.0,2505.0,2515.0,2467185,44.11764705882353,-64.15033632242512,-53.49878851877358,매도
2024-12-06,2515.0,2565.0,2505.0,2555.0,1238974,39.2,-68.59418344076266,-56.517867503171395,매도
2024-12-09,2535.0,2550.0,2460.0,2520.0,1370214,38.58267716535433,-74.0861527392799,-60.0315245503931,매도
2024-12-10,2515.0,2615.0,2490.0,2580.0,1393484,38.58267716535433,-72.75836626103228,-62.57689289252094,매도
2024-12-11,2565.0,2640.0,2565.0,2605.0,1044124,39.53488372093023,-68.8946205443317,-63.840438422883096,매도
2024-12-12,2625.0,2665.0,2575.0,2655.0,2540362,43.88489208633093,-61.093741472336205,-63.291099032773715,관망
2024-12-13,2640.0,2645.0,2595.0,2620.0,1494367,40.97222222222223,-57.07773944758446,-62.048427115735876,관망
2024-12-16,2635.0,2645.0,2595.0,2595.0,1060053,44.02985074626866,-55.275142539900116,-60.69377020056872,관망
2024-12-17,2610.0,2610.0,2440.0,2455.0,5967557,32.6797385620915,-64.4010265291513,-61.43522146628525,매도
2024-12-18,2470.0,2525.0,2455.0,2520.0,1537818,37.57575757575757,-65.63183562011272,-62.27454429705075,매도
2024-12-19,2470.0,2500.0,2455.0,2485.0,1159440,37.34939759036145,-68.6402263823179,-63.547680714104196,매도
2024-12-20,2475.0,2510.0,2450.0,2510.0,1640530,41.61490683229814,-68.22070089535782,-64.48228475035492,매도
2024-12-23,2525.0,2555.0,2495.0,2555.0,769291,39.743589743589745,-63.5248253611835,-64.29079287252064,관망
2024-12-24,2560.0,2570.0,2530.0,2545.0,636530,45.588235294117645,-59.91951176191651,-63.41653665039981,관망
2024-12-27,2515.0,2545.0,2480.0,2500.0,631057,45.3781512605042,-57.5346639852587,-61.31088803294823,관망
2024-12-30,2495.0,2505.0,2460.0,2460.0,603106,45.0,-60.0119750785575,-61.05110544207009,관망
2025-01-02,2465.0,2470.0,2430.0,2445.0,701532,37.83783783783784,-62.46557237298157,-61.33399882825239,매도
2025-01-03,2450.0,2520.0,2450.0,2500.0,847724,41.02564102564102,-59.28858367347948,-60.92491579729781,관망
2025-01-06,2510.0,2515.0,2475.0,2505.0,668392,36.111111111111114,-55.72497618898615,-59.884927875635476,관망
2025-01-07,2500.0,2535.0,2500.0,2525.0,799614,40.952380952380956,-50.70249196393934,-58.04844069329625,관망
2025-01-08,2510.0,2555.0,2510.0,2525.0,1223309,43.00000000000001,-46.18969102449864,-55.67669075953673,관망
2025-01-10,2500.0,2555.0,2495.0,2500.0,898759,46.875,-41.075244890468184,-50.71618919623354,관망
2025-01-14,2505.0,2515.0,2490.0,2500.0,544272,48.14814814814815,-36.901028679728824,-46.039969628342625,관망
2025-01-15,2510.0,2545.0,2490.0,2500.0,909381,37.77777777777778,-35.02501072533141,-43.836977847740386,관망
2025-01-16,2515.0,2515.0,2495.0,2510.0,955237,42.22222222222222,-32.358329869602585,-41.54124825211283,관망
2025-01-17,2505.0,2530.0,2505.0,2520.0,563906,47.72727272727273,-29.102573303210193,-39.0535132623323,관망
2025-01-23,2500.0,2505.0,2475.0,2475.0,805481,41.379310344827594,-24.691811540601975,-30.31893750637168,관망
2025-01-24,2490.0,2490.0,2450.0,2470.0,1152602,37.93103448275862,-25.645475092534525,-29.38424502360425,관망
2025-01-31,2490.0,2500.0,2450.0,2495.0,1275420,39.99999999999999,-24.106089270344455,-28.32861387295229,관망
2025-02-03,2460.0,2470.0,2430.0,2460.0,1414889,32.432432432432435,-25.417327281217695,-27.74635655460537,관망
2025-02-04,2460.0,2515.0,2460.0,2485.0,1074401,42.50000000000001,-24.160692363454473,-27.02922371637519,관망
2025-02-05,2500.0,2515.0,2485.0,2495.0,603723,48.717948717948715,-22.10309301348707,-26.043997575797565,관망
2025-02-06,2500.0,2515.0,2480.0,2495.0,835173,47.368421052631575,-20.239126650823437,-24.88302339080274,관망
2025-02-07,2480.0,2505.0,2480.0,2490.0,753642,47.368421052631575,-18.946969225365137,-23.69581255771522,관망
2025-02-10,2490.0,2495.0,2470.0,2485.0,482608,46.15384615384615,-18.117535695728293,-22.580157185317837,관망
2025-02-11,2490.0,2510.0,2480.0,2485.0,807172,43.24324324324324,-17.26122696799939,-21.51637114185415,관망
2025-02-12,2490.0,2545.0,2485.0,2510.0,1380260,47.5,-14.39931868310623,-20.09296065010457,관망
2025-02-13,2540.0,2730.0,2530.0,2700.0,7870811,72.36842105263158,3.1637071091399775,-15.44162709825566,매도
2025-02-17,2670.0,2810.0,2650.0,2775.0,3013262,77.66990291262135,30.35133069738049,-1.748494424039257,매도
2025-02-18,2785.0,2840.0,2755.0,2835.0,2319900,82.14285714285714,48.46505015450521,8.294214491669639,매도
2025-02-19,2845.0,2845.0,2780.0,2780.0,1580262,75.40983606557377,57.716938046502946,18.178759202636304,매도
2025-02-26,2595.0,2625.0,2580.0,2625.0,932766,58.78378378378378,33.19014170600212,34.16284065685167,매도
2025-02-28,2670.0,2705.0,2620.0,2625.0,1728775,58.13953488372093,31.466345639430074,33.81458715819788,매도
2025-03-04,2625.0,2625.0,2565.0,2575.0,1466867,54.94505494505495,24.07101522981202,31.86587277252071,매도
2025-03-05,2550.0,2620.0,2550.0,2570.0,865864,53.37078651685393,17.603778980341303,29.013454014084832,매도
2025-03-06,2595.0,2605.0,2560.0,2595.0,746408,42.758620689655174,14.330545121292744,26.076872235526416,매도
2025-03-07,2585.0,2585.0,2540.0,2550.0,1234066,43.05555555555556,8.012991013818919,22.46409599118492,매도
2025-03-10,2550.0,2670.0,2530.0,2640.0,1231049,40.14598540145986,10.151511402392316,20.0015790734264,매도
2025-03-11,2590.0,2605.0,2545.0,2555.0,1414990,30.281690140845072,4.930676819053588,16.987398622551837,매도
2025-03-12,2560.0,2730.0,2555.0,2675.0,1944968,43.2258064516129,10.356738876904274,15.661266673422324,매도
2025-03-20,2700.0,2720.0,2655.0,2675.0,388402,48.92086330935252,23.46298127492537,20.22587830454657,관망
2025-03-21,2655.0,2675.0,2600.0,2600.0,1426440,48.226950354609926,17.317852460723316,19.64427313578192,매도
2025-03-24,2600.0,2650.0,2600.0,2635.0,352187,54.34782608695652,15.097961196483084,18.735010747922153,매도
2025-03-25,2625.0,2650.0,2600.0,2615.0,424950,53.191489361702125,11.591232015707646,17.306255001479254,매도
2025-03-26,2610.0,2635.0,2600.0,2605.0,541483,50.724637681159415,7.913980013496712,15.427800003882746,매도
2025-03-27,2600.0,2610.0,2580.0,2590.0,372836,53.03030303030303,3.7461731170242274,13.091474626511042,매도
2025-03-28,2580.0,2590.0,2540.0,2570.0,423105,44.06779661016949,-1.1573356835401682,10.241712564500801,매도
2025-03-31,2520.0,2570.0,2505.0,2545.0,914009,49.05660377358491,-6.980229066506581,6.797324238299325,매도
2025-04-01,2555.0,2600.0,2550.0,2585.0,772740,40.0,-8.271895060949191,3.783480378449621,매도
2025-04-02,2585.0,2620.0,2540.0,2570.0,1335955,28.75,-10.386198674134903,0.9495445679327155,매도
2025-04-03,2520.0,2560.0,2500.0,2555.0,635300,34.32835820895522,-13.120924312110219,-1.8645492080758725,매도
2025-04-04,2530.0,2550.0,2500.0,2545.0,1353181,33.82352941176471,-15.911710218648295,-4.673981410190358,매도
2025-04-07,2490.0,2490.0,2390.0,2430.0,1238901,23.595505617977523,-27.09068253609348,-9.157321635370984,매도
2025-04-08,2440.0,2475.0,2400.0,2400.0,1385865,16.853932584269657,-37.93357329721357,-14.912571967739504,매도
2025-04-09,2390.0,2445.0,2370.0,2430.0,1076658,23.07692307692308,-43.60326180467564,-20.650709935126734,매도
2025-04-10,2485.0,2510.0,2425.0,2465.0,3233853,33.73493975903615,-44.75639938967106,-25.471847826035603,매도
2025-04-11,2440.0,2460.0,2405.0,2450.0,723409,26.58227848101265,-46.34639152162299,-29.646756565153087,매도
2025-04-14,2450.0,2465.0,2425.0,2440.0,1490608,27.272727272727266,-47.861668644700785,-33.28973898106263,매도
2025-04-15,2450.0,2510.0,2445.0,2495.0,1034923,37.2093023255814,-44.115955067115465,-35.45498219827319,매도
2025-04-16,2485.0,2505.0,2455.0,2460.0,1241442,35.55555555555556,-43.4705560525731,-37.058096969133175,매도
2025-04-17,2450.0,2485.0,2440.0,2475.0,800910,39.325842696629216,-41.27292940525285,-37.901063456357114,매도
2025-04-18,2470.0,2500.0,2460.0,2495.0,321729,44.31818181818182,-37.485353776665306,-37.81792152041876,관망
2025-04-21,2500.0,2525.0,2480.0,2515.0,430434,41.66666666666667,-32.49525487931942,-36.75338819219889,관망
2025-04-22,2505.0,2535.0,2490.0,2515.0,673313,43.20987654320988,-28.21531694117948,-35.04577394199501,관망
2025-04-23,2540.0,2545.0,2515.0,2535.0,693754,47.56097560975609,-22.945105543022237,-32.625640262200456,관망
2025-04-25,2575.0,2590.0,2565.0,2580.0,529893,72.72727272727272,-10.08163844106457,-25.61019317747325,매도
2025-04-28,2560.0,2600.0,2560.0,2580.0,565392,80.0,-4.578424755260585,-21.40383949303072,매도
2025-04-29,2585.0,2630.0,2580.0,2620.0,655245,80.64516129032258,2.976268870428612,-16.527817820338853,매도
2025-04-30,2615.0,2675.0,2615.0,2650.0,986318,80.32786885245902,11.254433176932253,-10.97136762088463,매도
2025-05-02,2640.0,2660.0,2605.0,2655.0,635783,84.7457627118644,18.01077919283307,-5.174938258141089,매도
2025-05-07,2665.0,2670.0,2605.0,2610.0,842829,75.75757575757575,19.509218046397564,-0.2381069972333571,매도
2025-05-08,2610.0,2675.0,2600.0,2640.0,1397906,73.77049180327869,22.854043723162704,4.380323146845856,매도
2025-05-09,2645.0,2655.0,2630.0,2645.0,501605,83.63636363636364,25.61304909700266,8.626868336877218,매도
2025-05-12,2645.0,2695.0,2645.0,2675.0,770895,84.48275862068965,29.875938787652103,12.876682427032199,매도
2025-05-13,2665.0,2690.0,2640.0,2680.0,677795,83.63636363636364,33.27420348787473,16.956186639200705,매도
2025-05-14,2680.0,2705.0,2615.0,2690.0,1202740,83.01886792452831,36.35518918191883,20.835987147744333,매도
2025-05-20,2625.0,2625.0,2530.0,2535.0,1282629,43.66197183098591,16.212568734940305,23.115507430518925,매도
2025-05-21,2525.0,2585.0,2525.0,2580.0,660012,50.0,12.597720508812017,21.011950046177546,매도
2025-05-22,2560.0,2580.0,2545.0,2545.0,686984,40.50632911392405,6.829987904195605,18.17555761778116,매도
2025-05-23,2545.0,2615.0,2545.0,2590.0,1010508,42.6829268292683,5.823018052667521,15.705049704758432,매도
2025-05-29,2985.0,3100.0,2915.0,3055.0,4036063,75.625,76.96299909469644,37.45326333697067,매도
2025-06-05,3190.0,3280.0,3105.0,3185.0,4867008,74.22222222222223,126.19612699189929,78.36306927200357,매도
2025-06-09,3270.0,3325.0,3150.0,3155.0,3461439,74.55357142857143,137.47600525061125,90.18565646772511,매도
2025-06-10,3175.0,3175.0,3020.0,3090.0,3172747,70.76271186440678,139.56165339916743,100.06085585401358,매도
2025-06-11,3090.0,3200.0,3075.0,3180.0,1756406,76.76348547717842,146.784749203317,109.40563452387427,매도
2025-06-12,3220.0,3365.0,3200.0,3295.0,6878671,78.0392156862745,159.94489834670048,119.51348728843952,매도
2025-06-13,3315.0,3430.0,3280.0,3305.0,3728905,80.4,169.23054342089927,129.45689851493148,매도
2025-06-16,3295.0,3340.0,3220.0,3310.0,2226352,79.75206611570248,174.97592866796822,138.56070454553884,매도
2025-06-17,3330.0,3425.0,3275.0,3325.0,2735022,75.12690355329948,178.67985239523887,146.58453411547885,매도
2025-06-18,3295.0,3320.0,3235.0,3255.0,2014543,70.47619047619048,173.961503721217,152.0599280366265,매도
2025-06-19,3275.0,3340.0,3205.0,3300.0,1748917,70.33492822966508,171.87206810799535,156.02235605090027,매도
2025-06-23,3225.0,3290.0,3185.0,3255.0,1618829,68.29268292682927,156.87231931766155,157.51481747506614,매도
2025-06-24,3295.0,3420.0,3295.0,3395.0,3097637,76.50273224043715,160.44285328134492,158.10042463632192,매도
2025-06-26,3385.0,3385.0,3220.0,3300.0,2046062,57.823129251700685,151.52146668153682,157.05919390293326,매도
2025-06-27,3300.0,3385.0,3270.0,3305.0,2106567,60.56338028169014,143.69468383755475,154.38629188985757,매도
2025-06-30,3335.0,3380.0,3275.0,3295.0,1823225,65.64885496183206,135.12732196449133,150.53449790478433,매도
2025-07-01,3315.0,3480.0,3315.0,3410.0,3064701,66.91176470588235,136.04887808144167,147.6373739401158,매도
2025-07-02,3430.0,3455.0,3280.0,3315.0,2250670,51.515151515151516,127.64213283880827,143.6383257198543,매도
2025-07-03,3335.0,3360.0,3275.0,3300.0,1787704,49.624060150375946,118.4044591263314,138.59155240114973,매도
2025-07-04,3305.0,3315.0,3160.0,3185.0,1767267,41.935483870967744,100.64383773762347,131.00200946844447,매도
2025-07-07,3200.0,3260.0,3155.0,3245.0,1094329,45.12195121951219,90.36820744461738,122.87524906367905,매도
2025-07-08,3245.0,3400.0,3245.0,3400.0,2503770,58.01104972375691,93.65233519289359,117.03066628952196,매도
2025-07-10,4050.0,4270.0,3930.0,4200.0,19970081,79.50310559006212,180.93567837007367,130.84311329826485,매도
2025-07-11,4305.0,4310.0,4150.0,4170.0,5829939,77.98165137614679,221.49790120507168,148.97407087962623,매도
2025-07-14,4210.0,4355.0,4160.0,4240.0,5590037,76.99680511182109,256.3372734979612,170.44671140329322,매도
2025-07-15,4195.0,4220.0,4095.0,4140.0,3894752,73.25227963525836,272.73464753372355,190.9042986293793,매도
2025-07-21,3795.0,3835.0,3700.0,3770.0,2698927,59.94475138121547,222.49698657088993,223.0785234741289,매도
2025-07-22,3775.0,3835.0,3700.0,3735.0,2139047,62.0,199.4174904353149,218.34631686636612,매도
2025-07-23,3745.0,3805.0,3605.0,3670.0,2495580,60.27777777777778,173.8775149395192,209.45255648099672,매도
2025-07-24,3700.0,3740.0,3575.0,3600.0,2114763,61.82336182336183,146.3020069021918,196.82244656523577,매도
2025-07-25,3570.0,3635.0,3570.0,3615.0,1369139,60.8187134502924,124.22658599656825,182.3032744515023,매도
2025-07-28,3605.0,3610.0,3450.0,3485.0,2703697,52.52225519287834,95.14497034690248,164.87161363058235,매도
2025-07-29,3480.0,3555.0,3445.0,3495.0,2217817,40.29850746268656,72.07367637241305,146.31202617894849,매도
2025-07-30,3500.0,3525.0,3460.0,3495.0,1146661,10.614525139664792,53.17652381265725,127.68492570569023,매도
2025-07-31,3515.0,3540.0,3465.0,3480.0,1608950,10.795454545454547,36.568480937490676,109.46163675205034,매도
2025-08-01,3440.0,3450.0,3315.0,3330.0,3212007,2.6041666666666714,11.17393474256005,89.80409635015228,매도
2025-08-04,3320.0,3360.0,3290.0,3330.0,1158514,2.9069767441860392,-8.849415521189712,70.07339397588389,매도
2025-08-05,3370.0,3420.0,3345.0,3360.0,1362744,7.586206896551715,-22.04321512360093,51.65007215598692,매도
2025-08-06,3370.0,3415.0,3360.0,3395.0,1243250,12.080536912751683,-29.33701008134676,35.45265570852018,매도
2025-08-07,3400.0,3440.0,3350.0,3425.0,1488965,18.045112781954884,-32.324034506004864,21.89731766561517,매도
2025-08-08,3420.0,3425.0,3380.0,3395.0,869915,19.512195121951223,-36.68909313494123,10.180035505503888,매도
2025-08-11,3385.0,3390.0,3310.0,3325.0,864976,18.461538461538453,-45.27494712473526,-0.9109610205439456,매도
2025-08-12,3310.0,3420.0,3310.0,3345.0,833274,23.140495867768593,-49.89036039736857,-10.706840895908874,매도
2025-08-13,3390.0,3400.0,3310.0,3335.0,859815,25.68807339449542,-53.735594609291184,-19.31259163858534,매도
2025-08-14,3310.0,3310.0,3070.0,3125.0,4721117,16.891891891891888,-72.8880077997228,-30.027674870812834,매도
2025-08-18,3125.0,3135.0,3055.0,3100.0,1565564,19.68503937007874,-89.05712915633194,-41.833565727916664,매도
2025-08-19,3100.0,3160.0,3050.0,3120.0,2326105,20.930232558139537,-99.11490652511338,-53.28983388735602,매도
2025-08-20,3125.0,3130.0,3005.0,3090.0,1589608,20.0,-108.25857931803193,-64.2835829734912,매도
2025-08-21,3080.0,3135.0,3080.0,3105.0,840925,22.222222222222214,-112.99212832310423,-74.02529204341381,매도
2025-08-22,3110.0,3165.0,3055.0,3085.0,952035,27.52293577981652,-117.00853135188572,-82.6219399051082,매도
2025-08-25,3105.0,3150.0,3100.0,3140.0,983400,34.16666666666667,-114.43439091743448,-88.98443010757347,매도
2025-08-26,3130.0,3150.0,3075.0,3080.0,833434,27.77777777777777,-115.89984338711065,-94.36751276348092,매도
2025-08-27,3090.0,3090.0,3055.0,3075.0,649373,23.33333333333333,-116.12605437176126,-98.719221085137,매도
2025-08-28,3050.0,3150.0,3045.0,3130.0,1011029,26.400000000000006,-110.59244697373242,-101.0938662628561,매도
2025-08-29,3165.0,3175.0,3120.0,3135.0,992043,28.33333333333333,-104.59782639722835,-101.79465828973056,매도
2025-09-01,3130.0,3145.0,3080.0,3125.0,833762,31.48148148148148,-99.50690912051232,-101.33710845588693,관망
2025-09-02,3125.0,3160.0,3100.0,3125.0,1224165,28.84615384615384,-94.38431684820716,-99.94655013435099,관망
2025-09-03,3110.0,3145.0,3080.0,3090.0,996678,27.52293577981652,-92.08730789585115,-98.37470168665104,관망
2025-09-04,3070.0,3120.0,3070.0,3115.0,658296,48.611111111111114,-87.24392700274302,-96.14854674986944,관망
2025-09-08,3105.0,3130.0,3080.0,3115.0,933591,49.23076923076923,-78.07132559803904,-90.40595631557979,관망
2025-09-10,3290.0,3325.0,3260.0,3310.0,1745716,71.57894736842105,-45.71063016037169,-77.15603343758268,매도
2025-09-11,3325.0,3335.0,3245.0,3320.0,2044886,75.26881720430107,-30.48336340077367,-67.82149943022088,매도
2025-09-12,3365.0,3380.0,3295.0,3355.0,1415430,74.15730337078652,-15.413757097375765,-57.33995096365186,매도
2025-09-15,3340.0,3610.0,3335.0,3525.0,4103027,90.09009009009009,10.12982342064106,-43.84599608679327,매도
2025-09-16,3535.0,3545.0,3450.0,3450.0,1686846,80.0,24.04425461372466,-30.267945946689682,매도
2025-09-25,3195.0,3195.0,3135.0,3160.0,923950,52.86624203821657,-2.9238994696247573,1.4673827516129125,매도
2025-09-26,3170.0,3175.0,3105.0,3120.0,1094058,50.609756097560975,-13.94840599344343,-1.6157749973983568,매도
2025-09-29,3150.0,3190.0,3135.0,3145.0,709729,51.78571428571429,-20.4325816916662,-5.379136336251927,매도
2025-09-30,3140.0,3155.0,3120.0,3145.0,408460,43.35664335664336,-25.27992639321792,-9.359294347645127,매도
2025-10-01,3160.0,3165.0,3130.0,3140.0,401832,36.92307692307693,-29.188473650636297,-13.325130208243364,매도
2025-10-02,3145.0,3245.0,3140.0,3190.0,1693104,40.57971014492754,-27.929489608435688,-16.24600208828183,매도
2025-10-10,3165.0,3175.0,3090.0,3100.0,1545854,32.88590604026845,-33.80430849721415,-19.757663370068297,매도
2025-10-13,3080.0,3090.0,3010.0,3085.0,1002462,12.711864406779654,-39.218433740590626,-23.649817444172765,매도
2025-10-14,3055.0,3200.0,3050.0,3165.0,1717818,26.050420168067234,-36.631569657873115,-26.246167886912836,매도
2025-10-15,3160.0,3185.0,3125.0,3180.0,780385,31.775700934579447,-32.99078931206395,-27.595092171943065,매도
2025-10-16,3185.0,3245.0,3160.0,3180.0,1119807,34.34343434343434,-29.762362667204798,-28.02854627099541,매도
2025-10-17,3155.0,3165.0,3095.0,3100.0,1232348,33.33333333333333,-33.2755627298684,-29.07794956277001,매도
2025-10-20,3110.0,3185.0,3050.0,3175.0,1270627,43.36283185840708,-29.665955226486403,-29.195550695513294,매도
2025-10-21,3185.0,3235.0,3130.0,3140.0,979122,45.79439252336448,-29.291864387922487,-29.214813433995136,매도
2025-10-23,3130.0,3155.0,3090.0,3100.0,1016762,48.18181818181817,-29.806209448967365,-28.98984588903371,매도
2025-10-24,3120.0,3150.0,3095.0,3125.0,1155974,48.18181818181817,-29.61636447566434,-29.11514960635984,매도
2025-10-28,3150.0,3180.0,3115.0,3130.0,1100359,49.152542372881356,-26.478566298517762,-28.271139426188583,관망
2025-10-29,3150.0,3150.0,3085.0,3110.0,1309996,42.857142857142854,-27.257319319167436,-28.06837540478435,관망
2025-10-30,3100.0,3140.0,3050.0,3055.0,2082129,45.714285714285715,-31.944293118032874,-28.843558947434058,매도
2025-10-31,3060.0,3075.0,3020.0,3030.0,1187430,44.859813084112155,-37.246688053121034,-30.524184768571455,매도
2025-11-03,3040.0,3055.0,2990.0,3005.0,1670268,33.33333333333333,-42.9708243919722,-33.013512693251606,매도
2025-11-04,3000.0,3025.0,2970.0,3020.0,1462593,33.33333333333333,-45.76926939372743,-35.56466403334677,매도
2025-11-05,3055.0,3065.0,2940.0,3005.0,1899972,32.32323232323233,-48.63677736497539,-38.179086699672496,매도
2025-11-06,3040.0,3165.0,2995.0,3130.0,2513013,52.77777777777778,-40.35762517874491,-38.61479439548698,매도
2025-11-07,3245.0,3245.0,2990.0,3050.0,2480879,38.53211009174312,-39.79296035843663,-38.85042758807691,매도
2025-11-10,3080.0,3185.0,3075.0,3130.0,1322943,49.152542372881356,-32.5153117344521,-37.58340441735195,관망
2025-11-11,3120.0,3190.0,3090.0,3110.0,1379695,45.76271186440678,-28.03834700928519,-35.6743929357386,관망
2025-11-14,3220.0,3270.0,3120.0,3130.0,1975259,48.734177215189874,-1.4503895976877175,-20.16190516848326,관망
2025-11-17,3145.0,3145.0,3050.0,3075.0,1277061,46.666666666666664,-6.0160932949042945,-17.332742793767466,관망
2025-11-18,3070.0,3085.0,2995.0,3000.0,1545688,43.75,-15.507558091357623,-16.967705853285498,관망
2025-11-19,3040.0,3050.0,2990.0,3010.0,1042428,47.305389221556894,-21.969445802636983,-17.968053843155797,매도
2025-11-20,3035.0,3075.0,3020.0,3030.0,1130108,50.0,-25.186372689791824,-19.411717612483002,매도
2025-11-21,3030.0,3030.0,2945.0,2980.0,1817208,48.538011695906434,-31.40833680149717,-21.81104145028584,매도
2025-11-24,2995.0,3010.0,2950.0,2950.0,1414183,45.97701149425288,-38.31832763771581,-25.112498687771836,매도
2025-11-25,2975.0,3010.0,2930.0,2940.0,1354754,46.24277456647399,-44.09318282121785,-28.908635514461047,매도
2025-11-26,2975.0,3020.0,2960.0,3020.0,1278526,43.292682926829265,-41.733389214887666,-31.473586254546376,매도
2025-11-27,3005.0,3050.0,2990.0,2995.0,1052054,46.40522875816993,-41.40325588554197,-33.45952018074549,매도
2025-11-28,3025.0,3035.0,2985.0,3010.0,1122920,41.42857142857144,-39.4761912441968,-34.66285439343576,매도
2025-12-01,3025.0,3045.0,2970.0,3000.0,1092895,42.02898550724638,-38.31423243694098,-35.39313000213681,매도
2025-12-02,3005.0,3145.0,2985.0,3130.0,2954900,38.93129770992366,-26.596866050208973,-33.63387721175124,관망
2025-12-03,3130.0,3145.0,3090.0,3110.0,1140217,40.47619047619048,-18.70893664692676,-30.648889098786345,관망
2025-12-04,3095.0,3110.0,3020.0,3065.0,2388721,44.34782608695652,-15.905471312196369,-27.70020554146835,관망
2025-12-10,3035.0,3055.0,3005.0,3005.0,633493,47.663551401869164,-16.699597617654945,-19.99177761716636,관망
2025-12-24,3425.0,3430.0,3340.0,3395.0,1636349,70.625,67.94177182144085,28.63476040327466,매도
2026-01-06,3205.0,3260.0,3175.0,3245.0,1158755,58.04597701149425,47.9052542653817,48.13910876217262,매도
2026-01-07,3215.0,3255.0,3160.0,3190.0,1760518,53.33333333333333,41.08544485553875,46.728375980845854,매도
2026-01-08,3165.0,3180.0,3070.0,3080.0,2844900,49.740932642487046,26.49915036229322,42.68253085713533,매도
2026-01-09,3110.0,3120.0,3065.0,3080.0,868460,40.490797546012274,14.769157236676165,37.0998561330435,매도
2026-01-12,3095.0,3105.0,3060.0,3080.0,1779187,44.29530201342282,5.410682198239101,30.762021346082623,매도
2026-01-13,3095.0,3100.0,3035.0,3065.0,1856774,39.86013986013985,-3.1796977572112155,23.973677525423856,매도
2026-01-14,3075.0,3660.0,3050.0,3385.0,28147784,55.8974358974359,15.653248975779661,22.30959181549502,매도
2026-01-15,3350.0,3445.0,3215.0,3245.0,7599053,40.625,19.0619309007634,21.6600596325487,매도
2026-01-16,3215.0,3265.0,3180.0,3225.0,3973225,41.05263157894737,19.91987906534405,21.312023519107772,매도
2026-01-19,3250.0,3380.0,3225.0,3230.0,5557370,47.59036144578314,20.763913905794652,21.20240159644515,매도
2026-01-20,3230.0,3255.0,3165.0,3190.0,3697972,47.59036144578314,17.997685773318153,20.56145843181975,매도
2026-01-21,3170.0,3195.0,3130.0,3190.0,2679748,45.96273291925466,15.625311187779062,19.574228983011615,매도
2026-01-22,3180.0,3240.0,3170.0,3205.0,1961400,47.23926380368098,14.785128122895003,18.616408810988293,매도
2026-01-29,3365.0,3635.0,3325.0,3570.0,5666539,70.41666666666667,79.98386922370855,48.76342479945025,매도
2026-02-04,3650.0,3950.0,3590.0,3835.0,10104039,71.85185185185185,119.28819144328145,77.39466638032684,매도
2026-02-10,3670.0,4155.0,3625.0,4070.0,14515190,71.78217821782178,155.8905064354317,111.4697158104228,매도
2026-02-11,4160.0,4320.0,4015.0,4255.0,10966322,73.97260273972603,194.59805982192393,128.09538461272305,매도
2026-02-12,4360.0,4910.0,4305.0,4495.0,37647314,74.03189066059225,241.85214797576373,150.8467372853312,매도
2026-02-13,4525.0,5200.0,4495.0,4830.0,40775473,76.63934426229508,302.8420786036918,181.24580554900334,매도
2026-02-19,5000.0,5260.0,4940.0,5080.0,19354578,81.07074569789675,367.11804045060217,218.42025252932316,매도
2026-02-20,5110.0,6600.0,5050.0,6600.0,92055536,89.43488943488943,534.5465798981741,281.6455180030934,매도
2026-02-23,7200.0,7560.0,5800.0,5970.0,110984121,76.54867256637168,609.3746768454375,347.1913497715623,매도
2026-03-04,4705.0,4705.0,4105.0,4175.0,17577955,55.42279411764706,382.30946028251583,457.34485052831496,매도
2026-03-05,4620.0,4865.0,4580.0,4680.0,17140771,58.86344359626803,344.3415646082076,434.7441933442935,매도
2026-03-06,4595.0,5050.0,4525.0,4950.0,15240290,57.67888307155323,332.20897894191876,414.2371504638185,매도
2026-03-09,4595.0,4770.0,4440.0,4615.0,8678075,53.06122448979592,292.19388784790954,389.8284979406368,매도
2026-03-10,4850.0,4850.0,4615.0,4690.0,6793567,51.70603674540683,263.49609410932226,364.5620171743739,매도
2026-03-11,4845.0,5370.0,4835.0,5100.0,22227757,52.331606217616574,270.71581589123525,345.7927769177462,매도
2026-03-12,5040.0,5070.0,4790.0,4910.0,9983746,48.51657940663176,258.13051739112416,328.26032501242184,매도
2026-03-13,4770.0,4875.0,4700.0,4770.0,5926262,28.965517241379317,234.16049130253396,309.4403582704443,매도
2026-03-16,4775.0,4890.0,4645.0,4705.0,6176685,33.2892998678996,207.526875520276,289.05766172041064,매도
2026-03-17,4825.0,4945.0,4780.0,4790.0,6612344,41.77018633540373,191.07573067069825,269.46127551046817,매도
2026-03-18,4980.0,5470.0,4930.0,5250.0,30235612,50.988700564971744,212.7043125615337,258.1098829206813,매도
2026-03-19,5020.0,5080.0,4925.0,4930.0,8448601,47.3753280839895,201.69873640692913,246.82765361793085,매도
2026-03-20,5000.0,5250.0,4990.0,5230.0,10405344,53.49428208386277,214.70919683956618,240.40396226225792,매도
2026-03-23,5040.0,5050.0,4800.0,4800.0,8041422,49.940688018979834,188.15375476440204,229.95392076268675,매도
2026-03-24,5030.0,5070.0,4730.0,4845.0,5553170,59.22865013774105,168.79375023526336,217.72188665720208,매도
2026-03-25,4945.0,5070.0,4940.0,4970.0,8071029,54.46153846153847,161.67358998895452,206.51222732355257,매도
2026-03-26,4970.0,4970.0,4725.0,4730.0,5539219,46.58385093167701,135.10738364225745,192.23125858729355,매도
2026-03-27,4610.0,4780.0,4530.0,4720.0,4735106,51.81347150259067,111.95599822940585,176.17620651571602,매도
2026-03-30,4500.0,4560.0,4415.0,4560.0,4045819,47.81879194630872,79.77806380931543,156.8965779744359,매도
2026-03-31,4440.0,4560.0,4390.0,4430.0,3451482,37.59259259259259,43.28790933420987,134.1748442463907,매도
2026-04-01,4645.0,4800.0,4570.0,4760.0,4395569,47.359154929577464,40.53023378437865,115.44592215398829,매도
2026-04-02,4770.0,4800.0,4375.0,4420.0,5322965,44.243421052631575,10.785271643804663,94.51379205195157,매도
2026-04-03,4510.0,4595.0,4425.0,4470.0,2954236,46.11570247933884,-8.65349096369664,73.88033544882192,매도
2026-04-06,4490.0,4550.0,4440.0,4510.0,2258196,45.302013422818796,-20.593792254888285,54.98550990807988,매도
2026-04-07,4510.0,4595.0,4395.0,4400.0,2854956,33.84030418250951,-38.48897084764576,36.29061375693475,매도
2026-04-08,4780.0,4840.0,4640.0,4820.0,6470986,47.985347985347985,-18.56651566137134,25.319187873273528,매도
2026-04-09,4780.0,4850.0,4585.0,4850.0,4810590,42.27642276422764,-0.35300785832077963,20.184748726954666,매도
2026-04-10,4820.0,4850.0,4700.0,4775.0,4791604,49.4061757719715,7.937951336186416,17.735389248801017,매도
2026-04-13,4730.0,4730.0,4625.0,4650.0,2523773,45.537757437070944,4.3717461314709,15.062660625334994,매도
2026-04-14,4755.0,4830.0,4745.0,4805.0,4117349,46.27539503386004,13.892562610609275,14.828641022389851,매도
2026-05-08,4885.0,4935.0,4760.0,4800.0,5524024,44.19354838709677,67.13336278784755,72.70085926351116,매도
2026-05-11,4815.0,4895.0,4670.0,4690.0,5228778,43.35443037974684,42.24291170671131,66.60926975215119,매도
2026-05-12,4690.0,5060.0,4420.0,4845.0,15514601,50.14925373134328,34.625117706313176,60.212439342983586,매도
2026-05-13,4860.0,5060.0,4775.0,4980.0,8631342,53.08988764044943,39.03140311675634,55.97623209773815,매도
2026-05-27,5400.0,5500.0,5110.0,5160.0,6573060,48.553054662379424,155.4125093344628,153.57391826226663,관망
2026-05-28,5140.0,5150.0,4765.0,4935.0,6311623,50.166112956810636,113.41559283751121,145.54225317731556,매도
2026-05-29,4990.0,5050.0,4775.0,4880.0,5368100,51.36054421768707,74.83207600556852,131.40021774296616,매도
2026-06-01,4885.0,4975.0,4690.0,4785.0,4249101,51.623931623931625,36.171690157115336,112.35451222579599,매도
2026-06-02,4800.0,4950.0,4700.0,4855.0,6811976,50.17605633802817,11.054046655825005,92.09441911180178,매도
2026-06-04,4860.0,4930.0,4785.0,4865.0,2980798,47.882136279926335,-7.9532700093550375,72.08488128757043,매도
2026-06-05,4990.0,5290.0,4735.0,4785.0,9104392,34.573304157549245,-29.13617315148349,51.84067039975964,매도
2026-06-08,4550.0,4735.0,4500.0,4560.0,4368472,32.780082987551864,-63.3491465745019,28.80270700490733,매도
2026-06-09,4600.0,5200.0,4570.0,5010.0,10185067,37.2093023255814,-53.53481923841082,12.335201756243695,매도
2026-06-10,4915.0,4995.0,4665.0,4785.0,3390,31.028037383177576,-63.18416597807209,-2.7686717906194653,매도
2026-06-11,4785.0,4795.0,4545.0,4750.0,4453841,37.55656108597285,-72.8161707914478,-16.77817159078514,매도
2026-06-12,4845.0,5090.0,4840.0,4970.0,5290739,39.47368421052632,-61.98294184703809,-25.819125642035736,매도
2026-06-15,5080.0,5350.0,4980.0,5250.0,5999562,42.738589211618255,-30.4528286644163,-26.745866246511852,매도
